1619,哀,合体,C1,衣,口,,,,,,,,
2019,衰,合体,C1,衣,倒中,,,,,,,,
2020,衷,合体,C1,衣,中,,,,,,,,
3139,裹,合体,C1,衣,果,,,,,,,,
3280,褒,合体,C1,衣,保,,,,,,,,
1128,乖,合体,C2,北,千,,,,,,,,
1941,乘,合体,C2,北,禾,,,,,,,,
261,囚,合体,E1,囗,人,,,,,,,,
262,四,合体,E1,囗,儿,,,,,,,,
425,团,合体,E1,囗,才,,,,,,,,
438,回,合体,E1,囗,囗,,,,,,,,
711,卤,合体,E1,占,X,,,,,,,,
726,园,合体,E1,囗,元,,,,,,,,
728,围,合体,E1,囗,韦,,,,,,,,
734,困,合体,E1,囗,木,,,,,,,,
750,囤,合体,E1,囗,屯,,,,,,,,
1081,国,合体,E1,囗,玉,,,,,,,,
1093,固,合体,E1,囗,古,,,,,,,,
1119,图,合体,E1,囗,冬,,,,,,,,
1906,圃,合体,E1,囗,甫,,,,,,,,
1922,圆,合体,E1,囗,员,,,,,,,,
2302,圈,合体,E1,囗,卷,,,,,,,,
90,厅,合体,E2,厂,丁,,,,,,,,
95,历,合体,E2,厂,力,,,,,,,,
97,友,合体,E2,ナ,又,,,,,,,,
139,反,合体,E2,⺁,又,,,,,,,,
214,左,合体,E2,ナ,工,,,,,,,,
215,厉,合体,E2,厂,万,,,,,,,,
216,石,合体,E2,丆,口,,,,,,,,
217,右,合体,E2,ナ,口,,,,,,,,
218,布,合体,E2,ナ,巾,,,,,,,,
326,尼,合体,E2,尸,匕,,,,,,,,
339,发,合体,E2,发,又,,,,,,,,
385,压,合体,E2,厂,圡,,,,,,,,
386,厌,合体,E2,厂,犬,,,,,,,,
388,在,合体,E2,在,土,,,,,,,,
390,有,合体,E2,ナ,月,,,,,,,,
391,存,合体,E2,在,子,,,,,,,,
397,灰,合体,E2,ナ,火,,,,,,,,
482,后,合体,E2,⺁,一口,,,,,,,,
499,危,合体,E2,厃,㔾,,,,,,,,
514,庄,合体,E2,广,土,,,,,,,,
515,庆,合体,E2,广,大,,,,,,,,
599,寿,合体,E2,丰,寸,,,,,,,,
701,辰,合体,E2,厂,辰下,,,,,,,,
831,床,合体,E2,广,木,,,,,,,,
832,库,合体,E2,广,车,,,,,,,,
833,庇,合体,E2,广,比,,,,,,,,
834,疗,合体,E2,疒,了,,,,,,,,
836,应,合体,E2,广,应下,,,,,,,,
839,庐,合体,E2,广,户,,,,,,,,
840,序,合体,E2,广,予,,,,,,,,
886,启,合体,E2,户,口,,,,,,,,
899,君,合体,E2,尹,口,,,,,,,,
902,层,合体,E2,尸,云,,,,,,,,
903,屁,合体,E2,尸,比,,,,,,,,
904,尿,合体,E2,尸,水,,,,,,,,
905,尾,合体,E2,尸,毛,,,,,,,,
907,局,合体,E2,尸,局下,,,,,,,,
1047,厕,合体,E2,厂,则,,,,,,,,
1071,虎,合体,E2,虍,几,,,,,,,,
1072,虏,合体,E2,虍,力,,,,,,,,
1157,质,合体,E2,⺁,十贝,,,,,,,,
1207,庞,合体,E2,广,龙,,,,,,,,
1208,店,合体,E2,广,占,,,,,,,,
1210,庙,合体,E2,广,由,,,,,,,,
1211,府,合体,E2,广,付,,,,,,,,
1212,底,合体,E2,广,氐,,,,,,,,
1213,疟,合体,E2,疒,巾,,,,,,,,
1214,疙,合体,E2,疒,乞,,,,,,,,
1215,疚,合体,E2,疒,久,,,,,,,,
1219,庚,合体,E2,广,更下,,,,,,,,
1220,废,合体,E2,广,发,,,,,,,,
1289,肩,合体,E2,户,月,,,,,,,,
1290,房,合体,E2,户,方,,,,,,,,
1307,屉,合体,E2,尸,世,,,,,,,,
1308,居,合体,E2,尸,古,,,,,,,,
1309,届,合体,E2,尸,由,,,,,,,,
1311,屈,合体,E2,尸,出,,,,,,,,
1448,厘,合体,E2,厂,里,,,,,,,,
1449,厚,合体,E2,厂,㫗,,,,,,,,
1470,虐,合体,E2,虍,巾,,,,,,,,
1539,看,合体,E2,看,目,,,,,,,,
1579,盾,合体,E2,⺁,十目,,,,,,,,
1622,度,合体,E2,广,廿又,,,,,,,,
1624,庭,合体,E2,广,廷,,,,,,,,
1625,疮,合体,E2,疒,仓,,,,,,,,
1626,疯,合体,E2,疒,风,,,,,,,,
1627,疫,合体,E2,疒,殳,,,,,,,,
1628,疤,合体,E2,疒,巴,,,,,,,,
1640,差,合体,E2,羊,工,,,,,,,,
1708,扁,合体,E2,户,扁下,,,,,,,,
1722,屋,合体,E2,尸,至,,,,,,,,
1724,屏,合体,E2,尸,并,,,,,,,,
1725,屎,合体,E2,尸,米,,,,,,,,
1729,眉,合体,E2,眉,目,,,,,,,,
1861,唇,合体,E2,辰,口,,,,,,,,
1868,原,合体,E2,厂,白小,,,,,,,,
1882,虑,合体,E2,虍,心,,,,,,,,
2023,席,合体,E2,广,席下,,,,,,,,
2025,座,合体,E2,广,坐,,,,,,,,
2026,症,合体,E2,疒,正,,,,,,,,
2027,病,合体,E2,疒,丙,,,,,,,,
2028,疾,合体,E2,疒,矢,,,,,,,,
2030,疹,合体,E2,疒,㐱,,,,,,,,
2031,疼,合体,E2,疒,冬,,,,,,,,
2032,疲,合体,E2,疒,皮,,,,,,,,
2037,唐,合体,E2,广,唐下,,,,,,,,
2049,羞,合体,E2,羊,丑,,,,,,,,
2113,扇,合体,E2,户,羽,,,,,,,,
2131,展,合体,E2,尸,展下,,,,,,,,
2133,屑,合体,E2,尸,肖,,,,,,,,
2238,厢,合体,E2,厂,相,,,,,,,,
2253,虚,合体,E2,虍,业,,,,,,,,
2378,庶,合体,E2,广,廿灬,,,,,,,,
2379,麻,合体,E2,广,林,,,,,,,,
2380,庵,合体,E2,广,奄,,,,,,,,
2381,痊,合体,E2,疒,全,,,,,,,,
2382,痒,合体,E2,疒,羊,,,,,,,,
2383,痕,合体,E2,疒,艮,,,,,,,,
2384,廊,合体,E2,广,郎,,,,,,,,
2385,康,合体,E2,广,隶,,,,,,,,
2386,庸,合体,E2,广,庸下,,,,,,,,
2387,鹿,合体,E2,广,鹿,,,,,,,,
2398,着,合体,E2,羊,目,,,,,,,,
2472,屠,合体,E2,尸,者,,,,,,,,
2587,厨,合体,E2,厂,豆寸,,,,,,,,
2588,厦,合体,E2,厂,夏,,,,,,,,
2593,雁,合体,E2,厂,倠,,,,,,,,
2731,痘,合体,E2,疒,豆,,,,,,,,
2732,痢,合体,E2,疒,利,,,,,,,,
2733,痪,合体,E2,疒,奂,,,,,,,,
2734,痛,合体,E2,疒,甬,,,,,,,,
2789,雇,合体,E2,户,隹,,,,,,,,
2799,犀,合体,E2,尸,犀下,,,,,,,,
2800,属,合体,E2,尸,禹,,,,,,,,
2801,屡,合体,E2,尸,娄,,,,,,,,
2988,痹,合体,E2,疒,畀,,,,,,,,
2989,廓,合体,E2,广,郭,,,,,,,,
2990,痴,合体,E2,疒,知,,,,,,,,
2991,痰,合体,E2,疒,炎,,,,,,,,
2992,廉,合体,E2,广,兼,,,,,,,,
3094,愿,合体,E2,原,心,,,,,,,,
3144,腐,合体,E2,府,肉,,,,,,,,
3145,瘩,合体,E2,疒,荅,,,,,,,,
3146,瘟,合体,E2,疒,昷,,,,,,,,
3147,瘦,合体,E2,疒,叟,,,,,,,,
3279,摩,合体,E2,麻,手,,,,,,,,
3281,瘪,合体,E2,疒,自仑,,,,,,,,
3282,瘤,合体,E2,疒,留,,,,,,,,
3283,瘫,合体,E2,疒,难,,,,,,,,
3312,履,合体,E2,尸,復,,,,,,,,
3367,磨,合体,E2,麻,石,,,,,,,,
3368,瘾,合体,E2,疒,隐,,,,,,,,
3369,瘸,合体,E2,痂,肉,,,,,,,,
3425,癌,合体,E2,疒,嵒,,,,,,,,
3447,鹰,合体,E2,雁,鸟,,,,,,,,
3466,靡,合体,E2,麻,非,,,,,,,,
3467,癣,合体,E2,疒,鲜,,,,,,,,
3484,魔,合体,E2,麻,鬼,,,,,,,,
358,考,合体,E2,耂,丂,,,,,,,,
360,老,合体,E2,耂,匕,,,,,,,,
638,孝,合体,E2,耂,子,,,,,,,,
294,处,合体,E3,夂,卜,,,,,,,,
331,辽,合体,E3,辶,了,,,,,,,,
337,边,合体,E3,辶,力,,,,,,,,
350,迂,合体,E3,辶,于,,,,,,,,
379,过,合体,E3,辶,寸,,,,,,,,
398,达,合体,E3,辶,大,,,,,,,,
408,迈,合体,E3,辶,万,,,,,,,,
448,廷,合体,E3,廴,壬,,,,,,,,
451,迁,合体,E3,辶,千,,,,,,,,
453,迄,合体,E3,辶,乞,,,,,,,,
464,延,合体,E3,廴,正,,,,,,,,
502,旭,合体,E3,九,日,,,,,,,,
565,迅,合体,E3,辶,卂,,,,,,,,
598,巡,合体,E3,辶,𡿦,,,,,,,,
605,进,合体,E3,辶,井,,,,,,,,
608,远,合体,E3,辶,元,,,,,,,,
609,违,合体,E3,辶,韦,,,,,,,,
611,运,合体,E3,辶,云,,,,,,,,
704,还,合体,E3,辶,不,,,,,,,,
705,尬,合体,E3,尢,介,,,,,,,,
708,连,合体,E3,辶,车,,,,,,,,
791,近,合体,E3,辶,斤,,,,,,,,
794,返,合体,E3,辶,反,,,,,,,,
822,迎,合体,E3,辶,卯,,,,,,,,
837,这,合体,E3,辶,文,,,,,,,,
906,迟,合体,E3,辶,尺,,,,,,,,
1032,述,合体,E3,辶,术,,,,,,,,
1091,迪,合体,E3,辶,由,,,,,,,,
1123,迭,合体,E3,辶,失,,,,,,,,
1156,迫,合体,E3,辶,白,,,,,,,,
1161,爬,合体,E3,爪,巴,,,,,,,,
1302,建,合体,E3,廴,聿,,,,,,,,
1331,迢,合体,E3,辶,召,,,,,,,,
1377,赴,合体,E3,走,卜,,,,,,,,
1378,赵,合体,E3,走,㐅,,,,,,,,
1541,毡,合体,E3,毛,占,,,,,,,,
1545,选,合体,E3,辶,先,,,,,,,,
1546,适,合体,E3,辶,舌,,,,,,,,
1577,追,合体,E3,辶,追上,,,,,,,,
1588,逃,合体,E3,辶,兆,,,,,,,,
1599,勉,合体,E3,免,力,,,,,,,,
1623,迹,合体,E3,辶,亦,,,,,,,,
1645,送,合体,E3,辶,关,,,,,,,,
1647,迷,合体,E3,辶,米,,,,,,,,
1652,逆,合体,E3,辶,屰,,,,,,,,
1720,退,合体,E3,辶,艮,,,,,,,,
1728,逊,合体,E3,辶,孙,,,,,,,,
1788,赶,合体,E3,走,干,,,,,,,,
1789,起,合体,E3,走,己,,,,,,,,
1803,逝,合体,E3,辶,折,,,,,,,,
1853,速,合体,E3,辶,束,,,,,,,,
1854,逗,合体,E3,辶,豆,,,,,,,,
1859,翅,合体,E3,支,羽,,,,,,,,
1870,逐,合体,E3,辶,豕,,,,,,,,
1886,逞,合体,E3,辶,呈,,,,,,,,
1940,造,合体,E3,辶,告,,,,,,,,
1950,透,合体,E3,辶,秀,,,,,,,,
1982,途,合体,E3,辶,余,,,,,,,,
2003,逛,合体,E3,辶,狂,,,,,,,,
2007,逢,合体,E3,辶,夆,,,,,,,,
2064,递,合体,E3,辶,弟,,,,,,,,
2145,通,合体,E3,辶,甬,,,,,,,,
2254,彪,合体,E3,虎,彡,,,,,,,,
2259,匙,合体,E3,是,匕,,,,,,,,
2295,逻,合体,E3,辶,罗,,,,,,,,
2363,逸,合体,E3,辶,兔,,,,,,,,
2469,逮,合体,E3,辶,隶,,,,,,,,
2514,越,合体,E3,走,戉,,,,,,,,
2515,趁,合体,E3,走,㐱,,,,,,,,
2516,趋,合体,E3,走,刍,,,,,,,,
2517,超,合体,E3,走,召,,,,,,,,
2582,逼,合体,E3,辶,畐,,,,,,,,
2601,翘,合体,E3,尧,羽,,,,,,,,
2622,遇,合体,E3,辶,禺,,,,,,,,
2624,遏,合体,E3,辶,曷,,,,,,,,
2633,遗,合体,E3,辶,贵,,,,,,,,
2672,毯,合体,E3,毛,炎,,,,,,,,
2708,逾,合体,E3,辶,俞,,,,,,,,
2745,道,合体,E3,辶,首,,,,,,,,
2746,遂,合体,E3,辶,㒸,,,,,,,,
2788,遍,合体,E3,辶,扁,,,,,,,,
2883,尴,合体,E3,尢,监,,,,,,,,
2921,遣,合体,E3,辶,遣右,,,,,,,,
2963,魁,合体,E3,鬼,斗,,,,,,,,
2967,遥,合体,E3,辶,䍃,,,,,,,,
3085,遭,合体,E3,辶,曹,,,,,,,,
3130,魅,合体,E3,鬼,未,,,,,,,,
3143,遮,合体,E3,辶,庶,,,,,,,,
3233,题,合体,E3,是,页,,,,,,,,
3288,遵,合体,E3,辶,尊,,,,,,,,
3362,邀,合体,E3,辶,敫,,,,,,,,
3385,避,合体,E3,辶,辟,,,,,,,,
49,勺,合体,E4,勹,丶,,,,,,,,
152,勿,合体,E4,勹,双丿,,,,,,,,
156,匀,合体,E4,勹,冫,,,,,,,,
158,勾,合体,E4,勹,厶,,,,,,,,
212,可,合体,E4,可框,口,,,,,,,,
288,句,合体,E4,勹,口,,,,,,,,
325,司,合体,E4,𠃌,一口,,,,,,,,
349,式,合体,E4,弋,工,,,,,,,,
352,戎,合体,E4,戈,𠂇,,,,,,,,
500,旬,合体,E4,勹,日,,,,,,,,
504,匈,合体,E4,勹,凶,,,,,,,,
606,戒,合体,E4,戈,廾,,,,,,,,
809,甸,合体,E4,勹,田,,,,,,,,
820,岛,合体 ,E4,鸟变,山,,,,,,,,
946,武,合体,E4,戈横,止,,,,,,,,
1035,或,合体,E4,戈,口一,,,,,,,,
1124,氛,合体,E4,气,分,,,,,,,,
1353,贰,合体,E4,弋,二贝,,,,,,,,
1381,哉,合体,E4,十戈,口,,,,,,,,
1542,氢,合体,E4,气,巠,,,,,,,,
1782,栽,合体,E4,十戈,木,,,,,,,,
1787,载,合体,E4,十戈,车,,,,,,,,
1936,氧,合体,E4,气,羊,,,,,,,,
1937,氨,合体,E4,气,安,,,,,,,,
2532,裁,合体,E4,十戈,衣,,,,,,,,
2671,氮,合体,E4,气,炎,,,,,,,,
2673,氯,合体,E4,气,录,,,,,,,,
3059,截,合体,E4,十戈,隹,,,,,,,,
3388,戴,合体,E4,十戈,異,,,,,,,,
94,区,合体,E5,匚,㐅,,,,,,,,
99,匹,合体,E5,匚,儿,,,,,,,,
394,匠,合体,E5,匚,斤,,,,,,,,
692,匣,合体,E5,匚,甲,,,,,,,,
700,医,合体,E5,匚,矢,,,,,,,,
1776,匿,合体,E5,匚,若,,,,,,,,
1780,匪,合体,E5,匚,非,,,,,,,,
2248,匾,合体,E5,匚,扁,,,,,,,,
145,凶,合体,E6,凵,㐅,,,,,,,,
1036,画,合体,E6,凵,一田,,,,,,,,
1322,函,合体,E6,凵,氶,,,,,,,,
2617,鼎,合体,E6,鼎外,目,,,,,,,,
3125,舆,合体,E6,舆外,车,,,,,,,,
115,冈,合体,E7,冂,㐅,,,,,,,,
154,风,合体,E7,𠘨,㐅,,,,,,,,
159,凤,合体,E7,𠘨,又,,,,,,,,
305,闪,合体,E7,门,人,,,,,,,,
387,戌,合体,E7,戊,一,,,,,,,,
401,成,合体,E7,戊,𠃌,,,,,,,,
427,同,合体,E7,口,一口,,,,,,,,
430,因,合体,E7,囗,大,,,,,,,,
442,网,合体,E7,冂,双㐅,,,,,,,,
480,向,合体,E7,向框,口,,,,,,,,
527,闭,合体,E7,门,才,,,,,,,,
528,问,合体,E7,门,口,,,,,,,,
529,闯,合体,E7,门,马,,,,,,,,
845,闰,合体,E7,门,王,,,,,,,,
846,闲,合体,E7,门,木,,,,,,,,
847,间,合体,E7,门,日,,,,,,,,
848,闷,合体,E7,门,心,,,,,,,,
1192,周,合体,E7,周框,吉,,,,,,,,
1227,闸,合体,E7,门,甲,,,,,,,,
1228,闹,合体,E7,门,市,,,,,,,,
1422,南,合体,E7,南框,¥,,,,,,,,
1443,咸,合体,E7,戊,一口,,,,,,,,
1444,威,合体,E7,戊,一女,,,,,,,,
1635,闺,合体,E7,门,圭,,,,,,,,
1636,闻,合体,E7,门,耳,,,,,,,,
1637,闽,合体,E7,门,虫,,,,,,,,
1638,阀,合体,E7,门,伐,,,,,,,,
1639,阁,合体,E7,门,各,,,,,,,,
2048,阅,合体,E7,门,兑,,,,,,,,
2239,戚,合体,E7,戊,叔左,,,,,,,,
2368,凰,合体,E7,𠘨,皇,,,,,,,,
2396,阎,合体,E7,门,臽,,,,,,,,
2397,阐,合体,E7,门,单,,,,,,,,
2737,阔,合体,E7,门,活,,,,,,,,
298,包,合体,G,勹,巳,,,,,,,,
44,亿,合体,H1,亻,乙,,,,,,,,
85,扎,合体,H1,扌,乚,,,,,,,,
107,切,合体,H1,土,刀,,,,,,,,
128,仁,合体,H1,亻,二,,,,,,,,
129,什,合体,H1,亻,十,,,,,,,,
131,仆,合体,H1,亻,卜,,,,,,,,
132,化,合体,H1,亻,七,,,,,,,,
133,仇,合体,H1,亻,九,,,,,,,,
135,仍,合体,H1,亻,乃,,,,,,,,
136,仅,合体,H1,亻,又,,,,,,,,
167,忆,合体,H1,忄,乙,,,,,,,,
168,计,合体,H1,讠,十,,,,,,,,
169,订,合体,H1,讠,丁,,,,,,,,
171,认,合体,H1,讠,人,,,,,,,,
173,讥,合体,H1,讠,几,,,,,,,,
176,引,合体,H1,弓,丨,,,,,,,,
179,孔,合体,H1,子,乚,,,,,,,,
180,队,合体,H1,阝,人,,,,,,,,
189,幻,合体,H1,幺,𠃌,,,,,,,,
196,打,合体,H1,扌,丁,,,,,,,,
197,巧,合体,H1,工,丂,,,,,,,,
199,扑,合体,H1,扌,卜,,,,,,,,
201,扒,合体,H1,扌,八,,,,,,,,
203,扔,合体,H1,扌,乃,,,,,,,,
224,轧,合体,H1,车,乚,,,,,,,,
227,北,合体,H1,北左,匕,,,,,,,,
238,叶,合体,H1,口,十,,,,,,,,
241,叮,合体,H1,口,丁,,,,,,,,
247,叭,合体,H1,口,八,,,,,,,,
251,叽,合体,H1,口,几,,,,,,,,
252,叼,合体,H1,口,刁,,,,,,,,
253,叫,合体,H1,口,丩,,,,,,,,
254,叩,合体,H1,口,卩,,,,,,,,
255,叨,合体,H1,口,刀,,,,,,,,
257,叹,合体,H1,口,又,,,,,,,,
269,付,合体,H1,亻,寸,,,,,,,,
270,仗,合体,H1,亻,丈,,,,,,,,
271,代,合体,H1,亻,弋,,,,,,,,
272,仙,合体,H1,亻,山,,,,,,,,
273,们,合体,H1,亻 ,门,,,,,,,,
274,仪,合体,H1,亻,义,,,,,,,,
276,仔,合体,H1,亻,子,,,,,,,,
277,他,合体,H1,亻,也,,,,,,,,
292,犯,合体,H1,犭,㔾,,,,,,,,
293,外,合体,H1,夕,卜,,,,,,,,
299,饥,合体,H1,饣,几,,,,,,,,
303,冯,合体,H1,冫,马,,,,,,,,
308,汁,合体,H1,氵,十,,,,,,,,
309,汇,合体,H1,氵,匚,,,,,,,,
311,汉,合体,H1,氵,又,,,,,,,,
315,讨,合体,H1,讠,寸,,,,,,,,
317,让,合体,H1,讠,上,,,,,,,,
318,礼,合体,H1,礻,乚,,,,,,,,
319,训,合体,H1,讠,川,,,,,,,,
320,议,合体,H1,讠,义,,,,,,,,
322,讯,合体,H1,讠,卂,,,,,,,,
323,记,合体,H1,讠,己,,,,,,,,
329,弘,合体,H1,弓,厶,,,,,,,,
332,奶,合体,H1,女,乃,,,,,,,,
333,奴,合体,H1,女,又,,,,,,,,
341,对,合体,H1,又,寸,,,,,,,,
344,纠,合体,H1,纟,丩,,,,,,,,
346,幼,合体,H1,幺,力,,,,,,,,
354,扛,合体,H1,扌,工,,,,,,,,
357,扣,合体,H1,扌,口,,,,,,,,
359,托,合体,H1,扌,乇,,,,,,,,
361,巩,合体,H1,工,凡,,,,,,,,
362,圾,合体,H1,土,及,,,,,,,,
363,执,合体,H1,扌,丸,,,,,,,,
364,扩,合体,H1,扌,广,,,,,,,,
365,扫,合体,H1,扌,彐,,,,,,,,
366,地,合体,H1,土,也,,,,,,,,
367,场,合体,H1,土,𠃓,,,,,,,,
368,扬,合体,H1,扌,𠃓,,,,,,,,
375,朽,合体,H1,木,丂,,,,,,,,
376,朴,合体,H1,木,卜,,,,,,,,
377,机,合体,H1,木,几,,,,,,,,
378,权,合体,H1,木,又,,,,,,,,
383,协,合体,H1,十,办,,,,,,,,
404,轨,合体,H1,车,九,,,,,,,,
411,此,合体,H1,止,匕,,,,,,,,
420,吁,合体,H1,口,于,,,,,,,,
421,吐,合体,H1,口,土,,,,,,,,
422,吓,合体,H1,口,下,,,,,,,,
429,吃,合体,H1,口,乞,,,,,,,,
431,吸,合体,H1,口,及,,,,,,,,
432,吗,合体,H1,口,马,,,,,,,,
433,吆,合体,H1,口,幺,,,,,,,,
434,屿,合体,H1,山,与,,,,,,,,
435,屹,合体,H1,山,乞,,,,,,,,
437,帆,合体,H1,巾,凡,,,,,,,,
450,竹,合体,H1,个,亇,,,,,,,,
454,伟,合体,H1,亻,韦,,,,,,,,
455,传,合体,H1,亻,专,,,,,,,,
458,休,合体,H1,亻,木,,,,,,,,
459,伍,合体,H1,亻,五,,,,,,,,
460,伏,合体,H1,亻,犬,,,,,,,,
461,优,合体,H1,亻,尤,,,,,,,,
463,伐,合体,H1,亻,戈,,,,,,,,
465,仲,合体,H1,亻,中,,,,,,,,
466,件,合体,H1,亻,牛,,,,,,,,
467,任,合体,H1,亻,壬,,,,,,,,
468,伤,合体,H1,亻,伤右,,,,,,,,
469,价,合体,H1,亻,介,,,,,,,,
470,伦,合体,H1,亻,仑,,,,,,,,
471,份,合体,H1,亻,分,,,,,,,,
473,仰,合体,H1,亻,卬,,,,,,,,
474,仿,合体,H1,亻,方,,,,,,,,
475,伙,合体,H1,亻,火,,,,,,,,
476,伪,合体,H1,亻,为,,,,,,,,
478,伊,合体,H1,亻,尹,,,,,,,,
481,似,合体,H1,亻,以,,,,,,,,
483,行,合体,H1,彳,亍,,,,,,,,
495,肌,合体,H1,月,几,,,,,,,,
496,肋,合体,H1,月,力,,,,,,,,
510,壮,合体,H1,丬,士,,,,,,,,
511,冲,合体,H1,冫,中,,,,,,,,
512,妆,合体,H1,丬,女,,,,,,,,
513,冰,合体,H1,冫,水,,,,,,,,
521,次,合体,H1,冫,欠,,,,,,,,
523,决,合体,H1,冫,夬,,,,,,,,
534,灯,合体,H1,火,丁,,,,,,,,
536,汗,合体,H1,氵,干,,,,,,,,
537,污,合体,H1,氵,亏,,,,,,,,
538,江,合体,H1,氵,工,,,,,,,,
539,汛,合体,H1,氵,卂,,,,,,,,
540,池,合体,H1,氵,也,,,,,,,,
541,汝,合体,H1,氵,女,,,,,,,,
542,汤,合体,H1,氵,𠃓,,,,,,,,
543,忙,合体,H1,忄,亡,,,,,,,,
550,讲,合体,H1,讠,井,,,,,,,,
551,讳,合体,H1,讠,韦,,,,,,,,
553,讶,合体,H1,讠,牙,,,,,,,,
554,许,合体,H1,讠,午,,,,,,,,
555,讹,合体,H1,讠,化,,,,,,,,
556,论,合体,H1,讠,仑,,,,,,,,
557,讼,合体,H1,讠,公,,,,,,,,
559,讽,合体,H1,讠,风,,,,,,,,
560,设,合体,H1,讠,殳,,,,,,,,
561,访,合体,H1,讠,方,,,,,,,,
562,诀,合体,H1,讠,夬,,,,,,,,
569,弛,合体,H1,弓,也,,,,,,,,
570,孙,合体,H1,子,小,,,,,,,,
571,阵,合体,H1,阝,车,,,,,,,,
572,阳,合体,H1,阝,日,,,,,,,,
574,阶,合体,H1,阝,介,,,,,,,,
575,阴,合体,H1,阝,月,,,,,,,,
576,防,合体,H1,阝,方,,,,,,,,
577,奸,合体,H1,女,干,,,,,,,,
578,如,合体,H1,女,口,,,,,,,,
579,妇,合体,H1,女,彐,,,,,,,,
580,妃,合体,H1,女,己,,,,,,,,
581,好,合体,H1,女,子,,,,,,,,
582,她,合体,H1,女,也,,,,,,,,
583,妈,合体,H1,女,马,,,,,,,,
584,戏,合体,H1,又,戈,,,,,,,,
586,观,合体,H1,又,见,,,,,,,,
587,欢,合体,H1,又,欠,,,,,,,,
589,红,合体,H1,纟,工,,,,,,,,
590,驮,合体,H1,马,大,,,,,,,,
591,纤,合体,H1,纟,千,,,,,,,,
592,驯,合体,H1,马,川,,,,,,,,
593,约,合体,H1,纟,勺,,,,,,,,
594,级,合体,H1,纟,及,,,,,,,,
595,纪,合体,H1,纟,己,,,,,,,,
596,驰,合体,H1,马,也,,,,,,,,
597,纫,合体,H1,纟,刃,,,,,,,,
602,玖,合体,H1,王,久,,,,,,,,
603,玛,合体,H1,王,马,,,,,,,,
610,韧,合体,H1,韦,刃,,,,,,,,
612,扶,合体,H1,扌,夫,,,,,,,,
613,抚,合体,H1,扌,无,,,,,,,,
614,坛,合体,H1,土,云,,,,,,,,
615,技,合体,H1,扌,支,,,,,,,,
616,坏,合体,H1,土,不,,,,,,,,
617,抠,合体,H1,扌,区,,,,,,,,
618,扰,合体,H1,扌,尤,,,,,,,,
619,扼,合体,H1,扌,厄,,,,,,,,
620,拒,合体,H1,扌,巨,,,,,,,,
621,找,合体,H1,扌,戈,,,,,,,,
622,批,合体,H1,扌,比,,,,,,,,
623,址,合体,H1,土,止,,,,,,,,
624,扯,合体,H1,扌,止,,,,,,,,
626,抄,合体,H1,扌,少,,,,,,,,
629,坝,合体,H1,土,贝,,,,,,,,
630,攻,合体,H1,土,攵,,,,,,,,
632,折,合体,H1,扌,斤,,,,,,,,
633,抓,合体,H1,扌,爪,,,,,,,,
634,扳,合体,H1,扌,反,,,,,,,,
635,抡,合体,H1,扌,仑,,,,,,,,
636,扮,合体,H1,扌,分,,,,,,,,
637,抢,合体,H1,扌,仓,,,,,,,,
639,坎,合体,H1,土,欠,,,,,,,,
640,均,合体,H1,土,匀,,,,,,,,
641,抑,合体,H1,扌,卬,,,,,,,,
642,抛,合体,H1,扌,抛右,,,,,,,,
643,投,合体,H1,扌,殳,,,,,,,,
644,坟,合体,H1,土,文,,,,,,,,
645,坑,合体,H1,土,亢,,,,,,,,
646,抗,合体,H1,扌,亢,,,,,,,,
647,坊,合体,H1,土,方,,,,,,,,
648,抖,合体,H1,扌,斗,,,,,,,,
649,护,合体,H1,扌,户,,,,,,,,
652,块,合体,H1,土,夬,,,,,,,,
653,扭,合体,H1,扌,丑,,,,,,,,
655,把,合体,H1,扌,巴,,,,,,,,
656,报,合体,H1,扌,报右,,,,,,,,
657,拟,合体,H1,扌,以,,,,,,,,
659,抒,合体,H1,扌,予,,,,,,,,
678,杆,合体,H1,木,干,,,,,,,,
679,杠,合体,H1,木,工,,,,,,,,
680,杜,合体,H1,木,土,,,,,,,,
681,材,合体,H1,木,才,,,,,,,,
682,村,合体,H1,木,寸,,,,,,,,
683,杖,合体,H1,木,丈,,,,,,,,
685,杉,合体,H1,木,彡,,,,,,,,
687,极,合体,H1,木,及,,,,,,,,
689,杨,合体,H1,木,𠃓,,,,,,,,
706,歼,合体,H1,歹,千,,,,,,,,
709,轩,合体,H1,车,干,,,,,,,,
715,盯,合体,H1,目,丁,,,,,,,,
717,时,合体,H1,日,寸,,,,,,,,
723,吱,合体,H1,口,支,,,,,,,,
724,吠,合体,H1,口,犬,,,,,,,,
725,呕,合体,H1,口,区,,,,,,,,
727,旷,合体,H1,日,广,,,,,,,,
729,呀,合体,H1,口,牙,,,,,,,,
730,吨,合体,H1,口,屯,,,,,,,,
735,吵,合体,H1,口,少,,,,,,,,
738,呐,合体,H1,口,内,,,,,,,,
739,听,合体,H1,口,斤,,,,,,,,
740,吟,合体,H1,口,今,,,,,,,,
741,吩,合体,H1,口,分,,,,,,,,
742,呛,合体,H1,口,仓,,,,,,,,
743,吻,合体,H1,口,勿,,,,,,,,
744,吹,合体,H1,口,欠,,,,,,,,
745,呜,合体,H1,口,乌,,,,,,,,
746,吭,合体,H1,口,亢,,,,,,,,
747,吧,合体,H1,口,巴,,,,,,,,
749,吼,合体,H1,口,孔,,,,,,,,
752,吮,合体,H1,口,允,,,,,,,,
753,岖,合体,H1,山,区,,,,,,,,
755,帐,合体,H1,巾,长,,,,,,,,
756,财,合体,H1,贝,才,,,,,,,,
757,针,合体 ,H1,钅,十,,,,,,,,
758,钉,合体 ,H1,钅,丁,,,,,,,,
759,牡,合体 ,H1,牛,土,,,,,,,,
763,利,合体,H1,禾,刂,,,,,,,,
766,私,合体,H1,禾,厶,,,,,,,,
769,估,合体,H1,亻,古,,,,,,,,
770,体,合体,H1,亻,本,,,,,,,,
771,何,合体,H1,亻,可,,,,,,,,
772,佐,合体,H1,亻,左,,,,,,,,
773,佑,合体,H1,亻,右,,,,,,,,
774,但,合体,H1,亻,旦,,,,,,,,
775,伸,合体,H1,亻,申,,,,,,,,
776,佃,合体,H1,亻,田,,,,,,,,
777,作,合体,H1,亻,乍,,,,,,,,
778,伯,合体,H1,亻,白,,,,,,,,
779,伶,合体,H1,亻,令,,,,,,,,
780,佣,合体,H1,亻,用,,,,,,,,
781,低,合体,H1,亻,氐,,,,,,,,
782,你,合体,H1,亻,尔,,,,,,,,
783,住,合体,H1,亻,主,,,,,,,,
784,位,合体,H1,亻,立,,,,,,,,
785,伴,合体,H1,亻,半,,,,,,,,
788,伺,合体,H1,亻,司,,,,,,,,
789,佛,合体,H1,亻,弗,,,,,,,,
792,彻,合体,H1,彳,切,,,,,,,,
793,役,合体,H1,彳,殳,,,,,,,,
803,肝,合体,H1,月,干,,,,,,,,
804,肛,合体,H1,月,工,,,,,,,,
805,肚,合体,H1,月,土,,,,,,,,
806,肘,合体,H1,月,寸,,,,,,,,
807,肠,合体,H1,月,𠃓,,,,,,,,
811,狂,合体,H1,犭,王,,,,,,,,
812,犹,合体,H1,犭,尤,,,,,,,,
813,狈,合体,H1,犭,贝,,,,,,,,
823,饭,合体,H1,饣,反,,,,,,,,
824,饮,合体,H1,饣,欠,,,,,,,,
827,冻,合体,H1,冫,东,,,,,,,,
828,状,合体,H1,丬,犬,,,,,,,,
830,况,合体,H1,冫,兄,,,,,,,,
838,冷,合体,H1,冫,令,,,,,,,,
843,冶,合体,H1,冫,台,,,,,,,,
851,灶,合体,H1,火,土,,,,,,,,
852,灿,合体,H1,火,山,,,,,,,,
853,灼,合体,H1,火,勺,,,,,,,,
855,汪,合体,H1,氵,王,,,,,,,,
856,沐,合体,H1,氵,木,,,,,,,,
857,沛,合体,H1,氵,巿,,,,,,,,
858,汰,合体,H1,氵,太,,,,,,,,
859,沥,合体,H1,氵,历,,,,,,,,
860,沙,合体,H1,氵,少,,,,,,,,
861,汽,合体,H1,氵,气,,,,,,,,
862,沃,合体,H1,氵,夭,,,,,,,,
863,沦,合体,H1,氵,仑,,,,,,,,
864,汹,合体,H1,氵,凶,,,,,,,,
865,泛,合体,H1,氵,乏,,,,,,,,
866,沧,合体,H1,氵,仓,,,,,,,,
867,没,合体,H1,氵,殳,,,,,,,,
868,沟,合体,H1,氵,勾,,,,,,,,
869,沪,合体,H1,氵,户,,,,,,,,
870,沈,合体,H1,氵,冘,,,,,,,,
871,沉,合体,H1,氵,冗,,,,,,,,
872,沁,合体,H1,氵,心,,,,,,,,
873,怀,合体,H1,忄,不,,,,,,,,
874,忧,合体,H1,忄,尤,,,,,,,,
875,忱,合体,H1,忄,冘,,,,,,,,
876,快,合体,H1,忄,夬,,,,,,,,
885,证,合体,H1,讠,正,,,,,,,,
887,评,合体,H1,讠,平,,,,,,,,
888,补,合体,H1,衤,卜,,,,,,,,
889,初,合体,H1,衤,刀,,,,,,,,
890,社,合体,H1,礻,土,,,,,,,,
891,祀,合体,H1,礻,巳,,,,,,,,
892,识,合体,H1,讠,只,,,,,,,,
893,诈,合体,H1,讠,乍,,,,,,,,
894,诉,合体,H1,讠,斥,,,,,,,,
896,诊,合体,H1,讠,㐱,,,,,,,,
897,词,合体,H1,讠,司,,,,,,,,
898,译,合体,H1,讠,𠬤 ,,,,,,,,
909,张,合体,H1,弓,长,,,,,,,,
911,际,合体,H1,阝,示,,,,,,,,
912,陆,合体,H1,阝,击,,,,,,,,
913,阿,合体,H1,阝,可,,,,,,,,
914,陈,合体,H1,阝,东,,,,,,,,
915,阻,合体,H1,阝,且,,,,,,,,
916,附,合体,H1,阝,付,,,,,,,,
918,妓,合体,H1,女,支,,,,,,,,
919,妙,合体,H1,女,少,,,,,,,,
920,妖,合体,H1,女,夭,,,,,,,,
921,姊,合体,H1,女,𠂔,,,,,,,,
922,妨,合体,H1,女,方,,,,,,,,
923,妒,合体,H1,女,户,,,,,,,,
929,纬,合体,H1,纟,韦,,,,,,,,
930,驱,合体,H1,马,区,,,,,,,,
931,纯,合体,H1,纟,屯,,,,,,,,
932,纱,合体,H1,纟,少,,,,,,,,
933,纲,合体,H1,纟,冈,,,,,,,,
934,纳,合体,H1,纟,内,,,,,,,,
935,驳,合体,H1,马,爻,,,,,,,,
936,纵,合体,H1,纟,从,,,,,,,,
937,纷,合体,H1,纟,分,,,,,,,,
938,纸,合体,H1,纟,氏,,,,,,,,
939,纹,合体,H1,纟,文,,,,,,,,
940,纺,合体,H1,纟,方,,,,,,,,
941,驴,合体,H1,马,户,,,,,,,,
942,纽,合体,H1,纟,丑,,,,,,,,
944,玩,合体,H1,王,元,,,,,,,,
945,环,合体,H1,王,不,,,,,,,,
949,现,合体,H1,王,见,,,,,,,,
950,玫,合体,H1,王,攵,,,,,,,,
953,抹,合体,H1,扌,末,,,,,,,,
955,坷,合体,H1,土,可,,,,,,,,
956,坯,合体,H1,土,丕,,,,,,,,
957,拓,合体,H1,扌,石,,,,,,,,
958,拢,合体,H1,扌,龙,,,,,,,,
959,拔,合体,H1,扌,犮,,,,,,,,
960,坪,合体,H1,土,平,,,,,,,,
961,拣,合体,H1,扌,练右,,,,,,,,
962,坦,合体,H1,土,旦,,,,,,,,
963,担,合体,H1,扌,旦,,,,,,,,
964,坤,合体,H1,土,申,,,,,,,,
965,押,合体,H1,扌,甲,,,,,,,,
966,抽,合体,H1,扌,由,,,,,,,,
967,拐,合体,H1,扌,另,,,,,,,,
968,拖,合体,H1,扌,㐌,,,,,,,,
970,拍,合体,H1,扌,白,,,,,,,,
972,拆,合体,H1,扌,斥,,,,,,,,
973,拎,合体,H1,扌,令,,,,,,,,
974,拥,合体,H1,扌,用,,,,,,,,
975,抵,合体,H1,扌,氐,,,,,,,,
976,拘,合体,H1,扌,句,,,,,,,,
978,抱,合体,H1,扌,包,,,,,,,,
979,拄,合体,H1,扌,主,,,,,,,,
980,垃,合体,H1,土,立,,,,,,,,
981,拉,合体,H1,扌,立,,,,,,,,
982,拦,合体,H1,扌,兰,,,,,,,,
984,拌,合体,H1,扌,半,,,,,,,,
985,拧,合体,H1,扌,宁,,,,,,,,
986,拂,合体,H1,扌,弗,,,,,,,,
987,拙,合体,H1,扌,出,,,,,,,,
988,招,合体,H1,扌,召,,,,,,,,
989,坡,合体,H1,土,皮,,,,,,,,
990,披,合体,H1,扌,皮,,,,,,,,
991,拨,合体,H1,扌,发,,,,,,,,
992,择,合体,H1,扌,𠬤,,,,,,,,
993,抬,合体,H1,扌,台,,,,,,,,
994,拇,合体,H1,扌,母,,,,,,,,
995,拗,合体,H1,扌,幼,,,,,,,,
997,取,合体,H1,耳,又,,,,,,,,
1017,枉,合体,H1,木,王,,,,,,,,
1019,枝,合体,H1,木,支,,,,,,,,
1020,杯,合体,H1,木,不,,,,,,,,
1021,枢,合体,H1,木,区,,,,,,,,
1022,柜,合体,H1,木,巨,,,,,,,,
1023,枚,合体,H1,木,攵,,,,,,,,
1024,析,合体,H1,木,斤,,,,,,,,
1025,板,合体,H1,木,反,,,,,,,,
1026,松,合体,H1,木,公,,,,,,,,
1027,枪,合体,H1,木,仓,,,,,,,,
1028,枫,合体,H1,木,风,,,,,,,,
1029,构,合体,H1,木,勾,,,,,,,,
1030,杭,合体,H1,木,亢,,,,,,,,
1033,枕,合体,H1,木,冘,,,,,,,,
1044,矾,合体,H1,石,凡,,,,,,,,
1045,矿,合体,H1,石,广,,,,,,,,
1046,码,合体,H1,石,马,,,,,,,,
1059,转,合体,H1,车,专,,,,,,,,
1060,斩,合体,H1,车,斤,,,,,,,,
1061,轮,合体,H1,车,仑,,,,,,,,
1062,软,合体,H1,车,欠,,,,,,,,
1066,歧,合体,H1,止,支,,,,,,,,
1076,旺,合体,H1,日,王,,,,,,,,
1078,味,合体,H1,口,未,,,,,,,,
1082,哎,合体,H1,口,艾,,,,,,,,
1083,咕,合体,H1,口,古,,,,,,,,
1085,呵,合体,H1,口,可,,,,,,,,
1086,畅,合体,H1,申,𠃓,,,,,,,,
1087,明,合体,H1,日,月,,,,,,,,
1089,咙,合体,H1,口,龙,,,,,,,,
1095,呻,合体,H1,口,申,,,,,,,,
1097,咋,合体,H1,口,乍,,,,,,,,
1098,咐,合体,H1,口,付,,,,,,,,
1099,呼,合体,H1,口,乎,,,,,,,,
1100,鸣,合体,H1,口,鸟,,,,,,,,
1101,咏,合体,H1,口,永,,,,,,,,
1102,呢,合体,H1,口,尼,,,,,,,,
1103,咄,合体,H1,口,出,,,,,,,,
1104,咖,合体,H1,口,加,,,,,,,,
1107,帖,合体,H1,巾,占,,,,,,,,
1109,帜,合体,H1,巾,只,,,,,,,,
1110,帕,合体,H1,巾,白,,,,,,,,
1111,岭,合体,H1,山,令,,,,,,,,
1113,败,合体,H1,贝,攵,,,,,,,,
1114,账,合体,H1,贝,长,,,,,,,,
1115,贩,合体,H1,贝,反,,,,,,,,
1116,贬,合体,H1,贝,乏,,,,,,,,
1117,购,合体,H1,贝,勾,,,,,,,,
1118,贮,合体,H1,贝,㝉,,,,,,,,
1120,钓,合体,H1,钅,勺,,,,,,,,
1122,知,合体,H1,矢,口,,,,,,,,
1126,牧,合体,H1,牛,攵,,,,,,,,
1127,物,合体,H1,牛,勿,,,,,,,,
1130,秆,合体,H1,禾,干,,,,,,,,
1131,和,合体,H1,禾,口,,,,,,,,
1135,佳,合体,H1,亻,圭,,,,,,,,
1136,侍,合体,H1,亻,寺,,,,,,,,
1138,供,合体,H1,亻,共,,,,,,,,
1139,使,合体,H1,亻,吏,,,,,,,,
1140,例,合体,H1,亻,列,,,,,,,,
1141,侠,合体,H1,亻,夹,,,,,,,,
1142,侥,合体,H1,亻,尧,,,,,,,,
1143,版,合体,H1,片,反,,,,,,,,
1144,侄,合体,H1,亻,至,,,,,,,,
1145,侦,合体,H1,亻,贞,,,,,,,,
1146,侣,合体,H1,亻,吕,,,,,,,,
1147,侧,合体,H1,亻,则,,,,,,,,
1149,侨,合体,H1,亻,乔,,,,,,,,
1150,佩,合体,H1,亻,佩右,,,,,,,,
1152,侈,合体,H1,亻,多,,,,,,,,
1153,依,合体,H1,亻,衣,,,,,,,,
1155,的,合体,H1,白,勺,,,,,,,,
1159,征,合体,H1,彳,正,,,,,,,,
1160,往,合体,H1,彳,主,,,,,,,,
1162,彼,合体,H1,彳,皮,,,,,,,,
1163,径,合体,H1,彳,巠,,,,,,,,
1164,所,合体,H1,戶,斤,,,,,,,,
1180,肤,合体,H1,月,夫,,,,,,,,
1181,肺,合体,H1,月,巿,,,,,,,,
1182,肢,合体,H1,月,支,,,,,,,,
1183,肿,合体,H1,月,中,,,,,,,,
1184,胀,合体,H1,月,长,,,,,,,,
1186,股,合体,H1,月,殳,,,,,,,,
1187,肮,合体,H1,月,亢,,,,,,,,
1188,肪,合体,H1,月,方,,,,,,,,
1189,肥,合体,H1,月,巴,,,,,,,,
1190,服,合体,H1,月,报右,,,,,,,,
1191,胁,合体,H1,月,办,,,,,,,,
1196,狐,合体,H1,犭,瓜,,,,,,,,
1198,狗,合体,H1,犭,句,,,,,,,,
1199,狞,合体,H1,犭,宁,,,,,,,,
1201,饰,合体,H1,饣,饰右,,,,,,,,
1202,饱,合体,H1,饣,包,,,,,,,,
1203,饲,合体,H1,饣,司,,,,,,,,
1221,净,合体,H1,冫,争,,,,,,,,
1233,炬,合体,H1,火,巨,,,,,,,,
1234,炒,合体,H1,火,少,,,,,,,,
1235,炊,合体,H1,火,欠,,,,,,,,
1236,炕,合体,H1,火,亢,,,,,,,,
1238,炉,合体,H1,火,户,,,,,,,,
1239,沫,合体,H1,氵,末,,,,,,,,
1240,浅,合体,H1,氵,戋,,,,,,,,
1241,法,合体,H1,氵,去,,,,,,,,
1242,泄,合体,H1,氵,世,,,,,,,,
1243,沽,合体,H1,氵,古,,,,,,,,
1244,河,合体,H1,氵,可,,,,,,,,
1245,沾,合体,H1,氵,占,,,,,,,,
1246,泪,合体,H1,氵,目,,,,,,,,
1247,沮,合体,H1,氵,且,,,,,,,,
1248,油,合体,H1,氵,由,,,,,,,,
1249,泊,合体,H1,氵,白,,,,,,,,
1250,沿,合体,H1,氵,沿右,,,,,,,,
1251,泡,合体,H1,氵,包,,,,,,,,
1252,注,合体,H1,氵,主,,,,,,,,
1253,泣,合体,H1,氵,立,,,,,,,,
1254,泞,合体,H1,氵,宁,,,,,,,,
1255,泻,合体,H1,氵,写,,,,,,,,
1256,泌,合体,H1,氵,必,,,,,,,,
1257,泳,合体,H1,氵,永,,,,,,,,
1258,泥,合体,H1,氵,尼,,,,,,,,
1259,沸,合体,H1,氵,弗,,,,,,,,
1260,沼,合体,H1,氵,召,,,,,,,,
1261,波,合体,H1,氵,皮,,,,,,,,
1262,泼,合体,H1,氵,发,,,,,,,,
1263,泽,合体,H1,氵,𠬤 ,,,,,,,,
1264,治,合体,H1,氵,台,,,,,,,,
1265,怔,合体,H1,忄,正,,,,,,,,
1266,怯,合体,H1,忄,去,,,,,,,,
1267,怖,合体,H1,忄,布,,,,,,,,
1268,性,合体,H1,忄,生,,,,,,,,
1269,怕,合体,H1,忄,白,,,,,,,,
1270,怜,合体,H1,忄,令,,,,,,,,
1271,怪,合体,H1,忄,圣,,,,,,,,
1272,怡,合体,H1,忄,台,,,,,,,,
1286,试,合体,H1,讠,式,,,,,,,,
1288,诗,合体,H1,讠,寺,,,,,,,,
1291,诚,合体,H1,讠,成,,,,,,,,
1292,衬,合体,H1,衤,寸,,,,,,,,
1293,衫,合体,H1,衤,彡,,,,,,,,
1294,视,合体,H1,礻,见,,,,,,,,
1295,祈,合体,H1,礻,斤,,,,,,,,
1296,话,合体,H1,讠,舌,,,,,,,,
1297,诞,合体,H1,讠,延,,,,,,,,
1298,诡,合体,H1,讠,危,,,,,,,,
1299,询,合体,H1,讠,旬,,,,,,,,
1300,该,合体,H1,讠,亥,,,,,,,,
1301,详,合体,H1,讠,羊,,,,,,,,
1312,弧,合体,H1,弓,瓜,,,,,,,,
1313,弥,合体,H1,弓,尔,,,,,,,,
1314,弦,合体,H1,弓,玄,,,,,,,,
1317,陋,合体,H1,阝,陋右,,,,,,,,
1318,陌,合体,H1,阝,百,,,,,,,,
1319,孤,合体,H1,子,瓜,,,,,,,,
1320,陕,合体,H1,阝,夹,,,,,,,,
1321,降,合体,H1,阝,夅,,,,,,,,
1323,限,合体,H1,阝,艮,,,,,,,,
1324,妹,合体,H1,女,未,,,,,,,,
1325,姑,合体,H1,女,古,,,,,,,,
1326,姐,合体,H1,女,且,,,,,,,,
1327,姓,合体,H1,女,生,,,,,,,,
1328,妮,合体,H1,女,尼,,,,,,,,
1329,始,合体,H1,女,台,,,,,,,,
1330,姆,合体,H1,女,母,,,,,,,,
1335,艰,合体,H1,又,艮,,,,,,,,
1336,线,合体,H1,纟,戋,,,,,,,,
1337,练,合体,H1,纟,练右,,,,,,,,
1338,组,合体,H1,纟,且,,,,,,,,
1339,绅,合体,H1,纟,申,,,,,,,,
1340,细,合体,H1,纟,田,,,,,,,,
1341,驶,合体,H1,马,史,,,,,,,,
1342,织,合体,H1,纟,只,,,,,,,,
1343,驹,合体,H1,马,句,,,,,,,,
1344,终,合体,H1,纟,冬,,,,,,,,
1345,驻,合体,H1,马,主,,,,,,,,
1346,绊,合体,H1,纟,半,,,,,,,,
1347,驼,合体,H1,马,它,,,,,,,,
1348,绍,合体,H1,纟,召,,,,,,,,
1349,绎,合体,H1,纟,𠬤,,,,,,,,
1350,经,合体,H1,纟,巠,,,,,,,,
1357,玷,合体,H1,王,占,,,,,,,,
1358,珍,合体,H1,王,㐱,,,,,,,,
1359,玲,合体,H1,王,令,,,,,,,,
1360,珊,合体,H1,王,册,,,,,,,,
1361,玻,合体,H1,王,皮,,,,,,,,
1364,拭,合体,H1,扌,式,,,,,,,,
1365,挂,合体,H1,扌,圭,,,,,,,,
1367,持,合体,H1,扌,寺,,,,,,,,
1368,拷,合体,H1,扌,考,,,,,,,,
1369,拱,合体,H1,扌,共,,,,,,,,
1370,项,合体,H1,土,页,,,,,,,,
1371,垮,合体,H1,土,夸,,,,,,,,
1372,挎,合体,H1,扌,夸,,,,,,,,
1373,城,合体,H1,土,成,,,,,,,,
1374,挟,合体,H1,扌,夹,,,,,,,,
1375,挠,合体,H1,扌,尧,,,,,,,,
1379,挡,合体,H1,扌,当,,,,,,,,
1380,拽,合体,H1,扌,曳,,,,,,,,
1382,挺,合体,H1,扌,廷,,,,,,,,
1383,括,合体,H1,扌,舌,,,,,,,,
1384,垢,合体,H1,土,后,,,,,,,,
1385,拴,合体,H1,扌,全,,,,,,,,
1386,拾,合体,H1,扌,合,,,,,,,,
1387,挑,合体,H1,扌,兆,,,,,,,,
1388,垛,合体,H1,土,朵,,,,,,,,
1389,指,合体,H1,扌,旨,,,,,,,,
1391,挣,合体,H1,扌,争,,,,,,,,
1392,挤,合体,H1,扌,齐,,,,,,,,
1393,拼,合体,H1,扌,并,,,,,,,,
1394,挖,合体,H1,扌,穵,,,,,,,,
1395,按,合体,H1,扌,安,,,,,,,,
1396,挥,合体,H1,扌,军,,,,,,,,
1397,挪,合体,H1,扌,那,,,,,,,,
1398,拯,合体,H1,扌,丞,,,,,,,,
1424,标,合体,H1,木,示,,,,,,,,
1425,栈,合体,H1,木,戋,,,,,,,,
1426,柑,合体,H1,木,甘,,,,,,,,
1427,枯,合体,H1,木,古,,,,,,,,
1428,柄,合体,H1,木,丙,,,,,,,,
1429,栋,合体,H1,木,东,,,,,,,,
1430,相,合体,H1,木,目,,,,,,,,
1432,柏,合体,H1,木,白,,,,,,,,
1433,栅,合体,H1,木,册,,,,,,,,
1434,柳,合体,H1,木,卯,,,,,,,,
1435,柱,合体,H1,木,主,,,,,,,,
1436,柿,合体,H1,木,市,,,,,,,,
1437,栏,合体,H1,木,兰,,,,,,,,
1438,柠,合体,H1,木,宁,,,,,,,,
1439,树,合体,H1,木,对,,,,,,,,
1446,研,合体,H1,石,开,,,,,,,,
1447,砖,合体,H1,石,专,,,,,,,,
1450,砌,合体,H1,石,切,,,,,,,,
1451,砂,合体,H1,石,少,,,,,,,,
1453,砚,合体,H1,石,见,,,,,,,,
1454,砍,合体,H1,石,欠,,,,,,,,
1460,残,合体,H1,歹,戋,,,,,,,,
1461,殃,合体,H1,歹,央,,,,,,,,
1462,轴,合体,H1,车,由,,,,,,,,
1463,轻,合体,H1,车,巠,,,,,,,,
1471,临,合体,H1,〢,临右,,,,,,,,
1477,昧,合体,H1,日,未,,,,,,,,
1478,盹,合体,H1,目,屯,,,,,,,,
1480,盼,合体,H1,目,分,,,,,,,,
1481,眨,合体,H1,目,乏,,,,,,,,
1482,哇,合体,H1,口,圭,,,,,,,,
1483,哄,合体,H1,口,共,,,,,,,,
1484,哑,合体,H1,口,亚,,,,,,,,
1487,映,合体,H1,日,央,,,,,,,,
1489,昨,合体,H1,日,乍,,,,,,,,
1490,咧,合体,H1,口,列,,,,,,,,
1491,昭,合体,H1,日,召,,,,,,,,
1493,趴,合体,H1,足,八,,,,,,,,
1497,虹,合体,H1,虫,工,,,,,,,,
1498,虾,合体,H1,虫,下,,,,,,,,
1499,蚁,合体,H1,虫,义,,,,,,,,
1501,蚂,合体,H1,虫,马,,,,,,,,
1507,哗,合体,H1,口,华,,,,,,,,
1508,咱,合体,H1,口,自,,,,,,,,
1509,响,合体,H1,口,向,,,,,,,,
1510,哈,合体,H1,口,合,,,,,,,,
1511,哆,合体,H1,口,多,,,,,,,,
1512,咬,合体,H1,口,交,,,,,,,,
1513,咳,合体,H1,口,亥,,,,,,,,
1514,咪,合体,H1,口,米,,,,,,,,
1515,哪,合体,H1,口,那,,,,,,,,
1516,哟,合体,H1,口,约,,,,,,,,
1518,峡,合体,H1,山,夹,,,,,,,,
1520,贱,合体,H1,贝,戋,,,,,,,,
1521,贴,合体,H1,贝,占,,,,,,,,
1522,贻,合体,H1,贝,台,,,,,,,,
1525,钙,合体,H1,钅,丐,,,,,,,,
1526,钝,合体,H1,钅,屯,,,,,,,,
1527,钞,合体,H1,钅,少,,,,,,,,
1528,钟,合体,H1,钅,中,,,,,,,,
1529,钢,合体,H1,钅,冈,,,,,,,,
1530,钠,合体,H1,钅,内,,,,,,,,
1531,钥,合体,H1,钅,月,,,,,,,,
1532,钦,合体,H1,钅,欠,,,,,,,,
1533,钧,合体,H1,钅,匀,,,,,,,,
1534,钩,合体,H1,钅,勾,,,,,,,,
1535,钮,合体,H1,钅,丑,,,,,,,,
1537,缸,合体,H1,缶,工,,,,,,,,
1538,拜,合体,H1,龵,拜右,,,,,,,,
1540,矩,合体,H1,矢,巨,,,,,,,,
1544,牲,合体,H1,牛,生,,,,,,,,
1547,秒,合体,H1,禾,少,,,,,,,,
1549,种,合体,H1,禾,中,,,,,,,,
1550,秋,合体,H1,禾,火,,,,,,,,
1551,科,合体,H1,禾,斗,,,,,,,,
1556,便,合体,H1,亻,更,,,,,,,,
1557,俩,合体,H1,亻,两,,,,,,,,
1560,修,合体,H1,亻,,,,,,,,,
1561,俏,合体,H1,亻,肖,,,,,,,,
1562,保,合体,H1,亻,呆,,,,,,,,
1563,促,合体,H1,亻,足,,,,,,,,
1564,俄,合体,H1,亻,我,,,,,,,,
1565,俐,合体,H1,亻,厉,,,,,,,,
1566,侮,合体,H1,亻,每,,,,,,,,
1567,俭,合体,H1,亻,佥,,,,,,,,
1568,俗,合体,H1,亻,谷,,,,,,,,
1569,俘,合体,H1,亻,孚,,,,,,,,
1570,信,合体,H1,亻,言,,,,,,,,
1574,侵,合体,H1,亻,侵右,,,,,,,,
1576,侯,合体,H1,亻,侯右,,,,,,,,
1578,俊,合体,H1,亻,夋,,,,,,,,
1580,待,合体,H1,彳,寺,,,,,,,,
1581,徊,合体,H1,彳,回,,,,,,,,
1582,衍,合体,H1,彳,衍右,,,,,,,,
1583,律,合体,H1,彳,聿,,,,,,,,
1584,很,合体,H1,彳,艮,,,,,,,,
1591,胚,合体,H1,月,丕,,,,,,,,
1592,胧,合体,H1,月,龙,,,,,,,,
1593,胆,合体,H1,月,旦,,,,,,,,
1594,胜,合体,H1,月,生,,,,,,,,
1595,胞,合体,H1,月,包,,,,,,,,
1596,胖,合体,H1,月,半,,,,,,,,
1597,脉,合体,H1,月,永,,,,,,,,
1598,胎,合体,H1,月,台,,,,,,,,
1600,狭,合体,H1,犭,夹,,,,,,,,
1601,狮,合体,H1,犭,师,,,,,,,,
1602,独,合体,H1,犭,虫,,,,,,,,
1603,狰,合体,H1,犭,争,,,,,,,,
1604,狡,合体,H1,犭,交,,,,,,,,
1605,狱,合体,H1,犭,言犬,,,,,,,,
1606,狠,合体,H1,犭,艮,,,,,,,,
1610,饵,合体,H1,饣,耳,,,,,,,,
1611,饶,合体,H1,饣,尧,,,,,,,,
1612,蚀,合体,H1,饣,虫,,,,,,,,
1613,饺,合体,H1,饣,交,,,,,,,,
1614,饼,合体,H1,饣,并,,,,,,,,
1617,将,合体,H1,丬,将右,,,,,,,,
1634,施,合体,H1,方,㐌,,,,,,,,
1644,叛,合体,H1,半,反,,,,,,,,
1648,籽,合体,H1,米,子,,,,,,,,
1655,炼,合体,H1,火,练右,,,,,,,,
1656,炸,合体,H1,火,乍,,,,,,,,
1657,烁,合体,H1,火,乐,,,,,,,,
1658,炮,合体,H1,火,包,,,,,,,,
1659,炫,合体,H1,火,玄,,,,,,,,
1660,烂,合体,H1,火,兰,,,,,,,,
1662,洼,合体,H1,氵,圭,,,,,,,,
1663,洁,合体,H1,氵,吉,,,,,,,,
1664,洪,合体,H1,氵,共,,,,,,,,
1665,洒,合体,H1,氵,西,,,,,,,,
1667,浇,合体,H1,氵,尧,,,,,,,,
1668,浊,合体,H1,氵,虫,,,,,,,,
1669,洞,合体,H1,氵,同,,,,,,,,
1670,测,合体,H1,氵,则,,,,,,,,
1671,洗,合体,H1,氵,先,,,,,,,,
1672,活,合体,H1,氵,舌,,,,,,,,
1673,派,合体,H1,氵,𠂢,,,,,,,,
1674,洽,合体,H1,氵,合,,,,,,,,
1676,洛,合体,H1,氵,各,,,,,,,,
1677,浏,合体,H1,氵,刘,,,,,,,,
1678,济,合体,H1,氵,齐,,,,,,,,
1679,洋,合体,H1,氵,羊,,,,,,,,
1680,洲,合体,H1,氵,州,,,,,,,,
1681,浑,合体,H1,氵,军,,,,,,,,
1682,浓,合体,H1,氵,农,,,,,,,,
1683,津,合体,H1,氵,聿,,,,,,,,
1684,恃,合体,H1,忄,寺,,,,,,,,
1685,恒,合体,H1,忄,亘,,,,,,,,
1686,恢,合体,H1,忄,灰,,,,,,,,
1687,恍,合体,H1,忄,光,,,,,,,,
1688,恬,合体,H1,忄,舌,,,,,,,,
1689,恤,合体,H1,忄,血,,,,,,,,
1690,恰,合体,H1,忄,合,,,,,,,,
1691,恼,合体,H1,忄,㐫,,,,,,,,
1692,恨,合体,H1,忄,艮,,,,,,,,
1693,举,合体,H1,兴,奉下,,,,,,,,
1704,诫,合体,H1,讠,戒,,,,,,,,
1706,诬,合体,H1,讠,巫,,,,,,,,
1707,语,合体,H1,讠,吾,,,,,,,,
1709,袄,合体,H1,衤,夭,,,,,,,,
1710,祖,合体,H1,礻,且,,,,,,,,
1711,神,合体,H1,礻,申,,,,,,,,
1712,祝,合体,H1,礻,兄,,,,,,,,
1713,祠,合体,H1,礻,司,,,,,,,,
1714,误,合体,H1,讠,吴,,,,,,,,
1715,诱,合体,H1,讠,秀,,,,,,,,
1716,诲,合体,H1,讠,每,,,,,,,,
1717,说,合体,H1,讠,兑,,,,,,,,
1718,诵,合体,H1,讠,甬,,,,,,,,
1727,陡,合体,H1,阝,走,,,,,,,,
1730,孩,合体,H1,子,亥,,,,,,,,
1731,陨,合体,H1,阝,员,,,,,,,,
1732,除,合体,H1,阝,余,,,,,,,,
1733,险,合体,H1,阝,佥,,,,,,,,
1734,院,合体,H1,阝,完,,,,,,,,
1735,娃,合体,H1,女,圭,,,,,,,,
1736,姥,合体,H1,女,老,,,,,,,,
1737,姨,合体,H1,女,夷,,,,,,,,
1738,姻,合体,H1,女,因,,,,,,,,
1739,娇,合体,H1,女,乔,,,,,,,,
1740,姚,合体,H1,女,兆,,,,,,,,
1741,娜,合体,H1,女,那,,,,,,,,
1752,绑,合体,H1,纟,邦,,,,,,,,
1753,绒,合体,H1,纟,戎,,,,,,,,
1754,结,合体,H1,纟,吉,,,,,,,,
1755,绕,合体,H1,纟,尧,,,,,,,,
1756,骄,合体,H1,马,乔,,,,,,,,
1757,绘,合体,H1,纟,会,,,,,,,,
1758,给,合体,H1,纟,合,,,,,,,,
1759,绚,合体,H1,纟,旬,,,,,,,,
1760,骆,合体,H1,马,各,,,,,,,,
1761,络,合体,H1,纟,各,,,,,,,,
1762,绝,合体,H1,纟,色,,,,,,,,
1763,绞,合体,H1,纟,尧,,,,,,,,
1764,骇,合体,H1,马,亥,,,,,,,,
1765,统,合体,H1,纟,充,,,,,,,,
1766,耕,合体,H1,耒,井,,,,,,,,
1767,耘,合体,H1,耒,云,,,,,,,,
1768,耗,合体,H1,耒,毛,,,,,,,,
1769,耙,合体,H1,耒,巴,,,,,,,,
1770,艳,合体,H1,丰,色,,,,,,,,
1773,珠,合体,H1,王,朱,,,,,,,,
1781,捞,合体,H1,扌,劳,,,,,,,,
1783,捕,合体,H1,扌,甫,,,,,,,,
1784,埂,合体,H1,土,更,,,,,,,,
1785,捂,合体,H1,扌,吾,,,,,,,,
1786,振,合体,H1,扌,辰,,,,,,,,
1791,捎,合体,H1,扌,肖,,,,,,,,
1792,捍,合体,H1,扌,旱,,,,,,,,
1793,捏,合体,H1,扌,圼,,,,,,,,
1794,埋,合体,H1,土,里,,,,,,,,
1795,捉,合体,H1,扌,足,,,,,,,,
1796,捆,合体,H1,扌,困,,,,,,,,
1797,捐,合体,H1,扌,肙,,,,,,,,
1798,损,合体,H1,扌,员,,,,,,,,
1800,捌,合体,H1,扌,别,,,,,,,,
1804,捡,合体,H1,扌,佥,,,,,,,,
1805,挫,合体,H1,扌,坐,,,,,,,,
1806,换,合体,H1,扌,奂,,,,,,,,
1807,挽,合体,H1,扌,免,,,,,,,,
1811,捣,合体,H1,扌,岛,,,,,,,,
1813,捅,合体,H1,扌,甬,,,,,,,,
1814,埃,合体,H1,土,矣,,,,,,,,
1815,挨,合体,H1,扌,矣,,,,,,,,
1816,耻,合体,H1,耳,止,,,,,,,,
1817,耿,合体,H1,耳,火,,,,,,,,
1818,耽,合体,H1,耳,冘,,,,,,,,
1833,框,合体,H1,木,匡,,,,,,,,
1834,梆,合体,H1,木,邦,,,,,,,,
1835,桂,合体,H1,木,圭,,,,,,,,
1836,桔,合体,H1,木,吉,,,,,,,,
1837,栖,合体,H1,木,西,,,,,,,,
1838,档,合体,H1,木,当,,,,,,,,
1839,桐,合体,H1,木,同,,,,,,,,
1840,株,合体,H1,木,朱,,,,,,,,
1841,桥,合体,H1,木,乔,,,,,,,,
1842,桦,合体,H1,木,华,,,,,,,,
1843,栓,合体,H1,木,全,,,,,,,,
1844,桃,合体,H1,木,兆,,,,,,,,
1845,格,合体,H1,木,各,,,,,,,,
1846,桩,合体,H1,木,庄,,,,,,,,
1847,校,合体,H1,木,交,,,,,,,,
1848,核,合体,H1,木,亥,,,,,,,,
1849,样,合体,H1,木,羊,,,,,,,,
1850,根,合体,H1,木,艮,,,,,,,,
1857,酌,合体,H1,酉,勺,,,,,,,,
1858,配,合体,H1,酉,己,,,,,,,,
1863,砸,合体,H1,石,匝,,,,,,,,
1864,砰,合体,H1,石,平,,,,,,,,
1865,砾,合体,H1,石,乐,,,,,,,,
1866,础,合体,H1,石,出,,,,,,,,
1867,破,合体,H1,石,皮,,,,,,,,
1872,殊,合体,H1,歹,朱,,,,,,,,
1873,殉,合体,H1,歹,旬,,,,,,,,
1875,轿,合体,H1,车,乔,,,,,,,,
1876,较,合体,H1,车,交,,,,,,,,
1887,晒,合体,H1,日,西,,,,,,,,
1888,眠,合体,H1,目,民,,,,,,,,
1889,晓,合体,H1,日,尧,,,,,,,,
1890,哮,合体,H1,口,孝,,,,,,,,
1891,唠,合体,H1,口,劳,,,,,,,,
1894,哺,合体,H1,口,甫,,,,,,,,
1895,晌,合体,H1,日,向,,,,,,,,
1898,蚌,合体,H1,虫,丰,,,,,,,,
1899,畔,合体,H1,田,半,,,,,,,,
1900,蚣,合体,H1,虫,公,,,,,,,,
1901,蚊,合体,H1,虫,文,,,,,,,,
1902,蚪,合体,H1,虫,斗,,,,,,,,
1903,蚓,合体,H1,虫,引,,,,,,,,
1904,哨,合体,H1,口,肖,,,,,,,,
1905,哩,合体,H1,口,里,,,,,,,,
1908,哦,合体,H1,口,我,,,,,,,,
1911,唤,合体,H1,口,奂,,,,,,,,
1912,唁,合体,H1,口,言,,,,,,,,
1913,哼,合体,H1,口,亨,,,,,,,,
1914,唧,合体,H1,口,即,,,,,,,,
1915,啊,合体,H1,口,阿,,,,,,,,
1916,唉,合体,H1,口,矣,,,,,,,,
1917,唆,合体,H1,口,夋,,,,,,,,
1919,峭,合体,H1,山,肖,,,,,,,,
1920,峨,合体,H1,山,我,,,,,,,,
1921,峰,合体,H1,山,夆,,,,,,,,
1923,峻,合体,H1,山,夋,,,,,,,,
1924,贼,合体,H1,贝,戎,,,,,,,,
1925,贿,合体,H1,贝,有,,,,,,,,
1926,赂,合体,H1,贝,各,,,,,,,,
1927,赃,合体,H1,贝,庄,,,,,,,,
1928,钱,合体,H1,钅,戋,,,,,,,,
1929,钳,合体,H1,钅,甘,,,,,,,,
1930,钻,合体,H1,钅,占,,,,,,,,
1931,钾,合体,H1,钅,甲,,,,,,,,
1932,铁,合体,H1,钅,失,,,,,,,,
1933,铃,合体,H1,钅,令,,,,,,,,
1934,铅,合体,H1,钅,沿右,,,,,,,,
1935,缺,合体,H1,缶,夬,,,,,,,,
1938,特,合体,H1,牛,寺,,,,,,,,
1939,牺,合体,H1,牛,西,,,,,,,,
1943,秤,合体,H1,禾,平,,,,,,,,
1944,租,合体,H1,禾,且,,,,,,,,
1945,积,合体,H1,禾,只,,,,,,,,
1946,秧,合体,H1,禾,央,,,,,,,,
1947,秩,合体,H1,禾,市,,,,,,,,
1948,称,合体,H1,禾,尔,,,,,,,,
1949,秘,合体,H1,禾,必,,,,,,,,
1954,债,合体,H1,亻,责,,,,,,,,
1955,借,合体,H1,亻,昔,,,,,,,,
1956,值,合体,H1,亻,直,,,,,,,,
1957,倚,合体,H1,亻,奇,,,,,,,,
1958,俺,合体,H1,亻,奄,,,,,,,,
1959,倾,合体,H1,亻,顷,,,,,,,,
1960,倒,合体,H1,亻,到,,,,,,,,
1961,倘,合体,H1,亻,尚,,,,,,,,
1962,俱,合体,H1,亻,具,,,,,,,,
1963,倡,合体,H1,亻,昌,,,,,,,,
1964,候,合体,H1,亻,候右,,,,,,,,
1966,俯,合体,H1,亻,府,,,,,,,,
1967,倍,合体,H1,亻,咅,,,,,,,,
1968,倦,合体,H1,亻,卷,,,,,,,,
1969,健,合体,H1,亻,建,,,,,,,,
1971,射,合体,H1,身,寸,,,,,,,,
1972,躬,合体,H1,身 ,弓,,,,,,,,
1974,倔,合体,H1,亻,屈,,,,,,,,
1975,徒,合体,H1,彳,走,,,,,,,,
1976,徐,合体,H1,彳,余,,,,,,,,
1978,舰,合体,H1,舟,见,,,,,,,,
1979,舱,合体,H1,舟,仓,,,,,,,,
1980,般,合体,H1,舟,殳,,,,,,,,
1981,航,合体,H1,舟,亢,,,,,,,,
1988,豺,合体,H1,豸,才,,,,,,,,
1989,豹,合体,H1,豸,勺,,,,,,,,
1993,胰,合体,H1,月,夷,,,,,,,,
1994,脆,合体,H1,月,危,,,,,,,,
1995,脂,合体,H1,月,旨,,,,,,,,
1996,胸,合体,H1,月,匈,,,,,,,,
1997,胳,合体,H1,月,各,,,,,,,,
1998,脏,合体,H1,月,庄,,,,,,,,
1999,脐,合体,H1,月,齐,,,,,,,,
2000,胶,合体,H1,月,交,,,,,,,,
2001,脑,合体,H1,月,㐫,,,,,,,,
2002,脓,合体,H1,月,农,,,,,,,,
2004,狸,合体,H1,犭,里,,,,,,,,
2005,狼,合体,H1,犭,良,,,,,,,,
2006,卿,合体,H1,卯左,即,,,,,,,,
2008,鸵,合体,H1,鸟,它,,,,,,,,
2012,饿,合体,H1,饣,我,,,,,,,,
2013,馁,合体,H1,饣,妥,,,,,,,,
2014,凌,合体,H1,冫,夌,,,,,,,,
2015,凄,合体,H1,冫,妻,,,,,,,,
2024,准,合体,H1,冫,隹,,,,,,,,
2040,凉,合体,H1,冫,京,,,,,,,,
2041,站,合体,H1,立,占,,,,,,,,
2046,旅,合体,H1,方,旅右,,,,,,,,
2053,粉,合体,H1,米,分,,,,,,,,
2054,料,合体,H1,米,斗,,,,,,,,
2057,烤,合体,H1,火,考,,,,,,,,
2058,烘,合体,H1,火,共,,,,,,,,
2059,烦,合体,H1,火,页,,,,,,,,
2060,烧,合体,H1,火,尧,,,,,,,,
2061,烛,合体,H1,火,虫,,,,,,,,
2062,烟,合体,H1,火,因,,,,,,,,
2063,烙,合体,H1,火,各,,,,,,,,
2065,涛,合体,H1,氵,寿,,,,,,,,
2066,浙,合体,H1,氵,折,,,,,,,,
2067,涝,合体,H1,氵,劳,,,,,,,,
2068,浦,合体,H1,氵,甫,,,,,,,,
2069,酒,合体,H1,氵,酉,,,,,,,,
2070,涉,合体,H1,氵,步,,,,,,,,
2071,消,合体,H1,氵,肖,,,,,,,,
2072,涡,合体,H1,氵,呙,,,,,,,,
2073,浩,合体,H1,氵,告,,,,,,,,
2074,海,合体,H1,氵,每,,,,,,,,
2075,涂,合体,H1,氵,余,,,,,,,,
2076,浴,合体,H1,氵,谷,,,,,,,,
2077,浮,合体,H1,氵,孚,,,,,,,,
2078,涣,合体,H1,氵,奂,,,,,,,,
2079,涤,合体,H1,氵,条,,,,,,,,
2080,流,合体,H1,氵,㐬,,,,,,,,
2081,润,合体,H1,氵,闰,,,,,,,,
2082,涧,合体,H1,氵,间,,,,,,,,
2083,涕,合体,H1,氵,弟,,,,,,,,
2084,浪,合体,H1,氵,良,,,,,,,,
2085,浸,合体,H1,氵,浸右,,,,,,,,
2086,涨,合体,H1,氵,张,,,,,,,,
2088,涩,合体,H1,氵,涩右,,,,,,,,
2089,涌,合体,H1,氵,甬,,,,,,,,
2090,悖,合体,H1,忄,孛,,,,,,,,
2091,悟,合体,H1,忄,吾,,,,,,,,
2092,悄,合体,H1,忄,肖,,,,,,,,
2093,悍,合体,H1,忄,旱,,,,,,,,
2094,悔,合体,H1,忄,每,,,,,,,,
2095,悯,合体,H1,忄,闵,,,,,,,,
2096,悦,合体,H1,忄,兑,,,,,,,,
2108,请,合体,H1,讠,青,,,,,,,,
2110,诸,合体,H1,讠,者,,,,,,,,
2111,诺,合体,H1,讠,若,,,,,,,,
2112,读,合体,H1,讠,卖,,,,,,,,
2114,诽,合体,H1,讠,非,,,,,,,,
2115,袜,合体,H1,衤,末,,,,,,,,
2116,袖,合体,H1,衤,由,,,,,,,,
2117,袍,合体,H1,衤,包,,,,,,,,
2118,被,合体,H1,衤,皮,,,,,,,,
2119,祥,合体,H1,礻,羊,,,,,,,,
2120,课,合体,H1,礻,果,,,,,,,,
2122,谁,合体,H1,讠,隹,,,,,,,,
2123,调,合体,H1,讠,周,,,,,,,,
2125,谅,合体,H1,讠,京,,,,,,,,
2126,谆,合体,H1,讠,享,,,,,,,,
2127,谈,合体,H1,讠,炎,,,,,,,,
2128,谊,合体,H1,讠,宜,,,,,,,,
2135,陵,合体,H1,阝,夌,,,,,,,,
2137,陶,合体,H1,阝,匋,,,,,,,,
2138,陷,合体,H1,阝,臽,,,,,,,,
2139,陪,合体,H1,阝,咅,,,,,,,,
2140,娱,合体,H1,女,吴,,,,,,,,
2141,娟,合体,H1,女,肙,,,,,,,,
2143,娥,合体,H1,女,我,,,,,,,,
2144,娘,合体,H1,女,良,,,,,,,,
2146,能,合体,H1,能左,双匕,,,,,,,,
2147,难,合体,H1,又,隹,,,,,,,,
2150,绢,合体,H1,纟,肙,,,,,,,,
2151,绣,合体,H1,纟,秀,,,,,,,,
2152,验,合体,H1,马,佥,,,,,,,,
2153,继,合体,H1,纟,𠃊米,,,,,,,,
2154,骏,合体,H1,马,夋,,,,,,,,
2155,球,合体,H1,王,求,,,,,,,,
2156,琐,合体,H1,王,⺌见,,,,,,,,
2157,理,合体,H1,王,里,,,,,,,,
2158,琉,合体,H1,王,㐬,,,,,,,,
2159,琅,合体,H1,王,良,,,,,,,,
2160,捧,合体,H1,扌,奉,,,,,,,,
2161,堵,合体,H1,土,者,,,,,,,,
2162,措,合体,H1,扌,昔,,,,,,,,
2163,描,合体,H1,扌,苗,,,,,,,,
2164,域,合体,H1,土,或,,,,,,,,
2165,捺,合体,H1,扌,奈,,,,,,,,
2166,掩,合体,H1,扌,奄,,,,,,,,
2167,捷,合体,H1,扌,疌,,,,,,,,
2168,排,合体,H1,扌,非,,,,,,,,
2170,掉,合体,H1,扌,卓,,,,,,,,
2171,捶,合体,H1,扌,垂,,,,,,,,
2173,堆,合体,H1,土,隹,,,,,,,,
2174,推,合体,H1,扌,隹,,,,,,,,
2175,埠,合体,H1,土,阜,,,,,,,,
2176,掀,合体,H1,扌,欣,,,,,,,,
2177,授,合体,H1,扌,受,,,,,,,,
2178,捻,合体,H1,扌,念,,,,,,,,
2179,教,合体,H1,攵,孝,,,,,,,,
2180,掏,合体,H1,扌,匋,,,,,,,,
2181,掐,合体,H1,扌,臽,,,,,,,,
2182,掠,合体,H1,扌,京,,,,,,,,
2183,掂,合体,H1,扌,店,,,,,,,,
2184,培,合体,H1,土,咅,,,,,,,,
2185,接,合体,H1,扌,妾,,,,,,,,
2186,掷,合体,H1,扌,郑,,,,,,,,
2187,控,合体,H1,扌,空,,,,,,,,
2188,探,合体,H1,扌,罙,,,,,,,,
2189,据,合体,H1,扌,居,,,,,,,,
2190,掘,合体,H1,扌,屈,,,,,,,,
2191,掺,合体,H1,扌,参,,,,,,,,
2192,职,合体,H1,耳,只,,,,,,,,
2194,聆,合体,H1,耳,令,,,,,,,,
2196,聊,合体,H1,耳,卯,,,,,,,,
2215,乾,合体,H1,十早,乞,,,,,,,,
2219,械,合体,H1,木,戒,,,,,,,,
2223,梗,合体,H1,木,更,,,,,,,,
2224,梧,合体,H1,木,吾,,,,,,,,
2225,梢,合体,H1,木,肖,,,,,,,,
2226,梅,合体,H1,木,每,,,,,,,,
2227,检,合体,H1,木,佥,,,,,,,,
2228,梳,合体,H1,木,㐬,,,,,,,,
2229,梯,合体,H1,木,弟,,,,,,,,
2230,桶,合体,H1,木,甬,,,,,,,,
2231,梭,合体,H1,木,夋,,,,,,,,
2236,酝,合体,H1,酉,云,,,,,,,,
2237,酗,合体,H1,酉,凶,,,,,,,,
2240,硅,合体,H1,石,圭,,,,,,,,
2241,硕,合体,H1,石,页,,,,,,,,
2250,辅,合体,H1,车,甫,,,,,,,,
2251,辆,合体,H1,车,两,,,,,,,,
2258,眶,合体,H1,目,匡,,,,,,,,
2261,睁,合体,H1,目,争,,,,,,,,
2262,眯,合体,H1,目,米,,,,,,,,
2263,眼,合体,H1,目,艮,,,,,,,,
2265,野,合体,H1,里,予,,,,,,,,
2266,啪,合体,H1,口,拍,,,,,,,,
2267,啦,合体,H1,口,拉,,,,,,,,
2269,晦,合体,H1,日,每,,,,,,,,
2270,晚,合体,H1,日,免,,,,,,,,
2271,啄,合体,H1,口,豖,,,,,,,,
2272,啡,合体,H1,口,非,,,,,,,,
2273,距,合体,H1,足,巨,,,,,,,,
2274,趾,合体,H1,足,止,,,,,,,,
2275,啃,合体,H1,口,肯,,,,,,,,
2276,跃,合体,H1,足,夭,,,,,,,,
2277,略,合体,H1,田,各,,,,,,,,
2278,蚯,合体,H1,虫,丘,,,,,,,,
2279,蛀,合体,H1,虫,主,,,,,,,,
2280,蛇,合体,H1,虫,它,,,,,,,,
2281,唬,合体,H1,口,虎,,,,,,,,
2284,唱,合体,H1,口,昌,,,,,,,,
2286,啰,合体,H1,口,罗,,,,,,,,
2287,唾,合体,H1,口,垂,,,,,,,,
2288,唯,合体,H1,口,隹,,,,,,,,
2289,啤,合体,H1,口,卑,,,,,,,,
2290,啥,合体,H1,口,舍,,,,,,,,
2291,啸,合体,H1,口,肃,,,,,,,,
2293,崎,合体,H1,山,奇,,,,,,,,
2297,帷,合体,H1,巾,隹,,,,,,,,
2300,崛,合体,H1,山,屈,,,,,,,,
2303,铐,合体,H1,钅,考,,,,,,,,
2304,铛,合体,H1,钅,当,,,,,,,,
2305,铝,合体,H1,钅,吕,,,,,,,,
2306,铜,合体,H1,钅,同,,,,,,,,
2307,铭,合体,H1,钅,名,,,,,,,,
2308,铲,合体,H1,钅,产,,,,,,,,
2309,银,合体,H1,钅,艮,,,,,,,,
2310,矫,合体,H1,钅,乔,,,,,,,,
2311,甜,合体,H1,舌,甘,,,,,,,,
2312,秸,合体,H1,禾,吉,,,,,,,,
2315,秽,合体,H1,禾,岁,,,,,,,,
2316,移,合体,H1,禾,多,,,,,,,,
2324,做,合体,H1,亻,故,,,,,,,,
2327,偿,合体,H1,亻,尝,,,,,,,,
2328,偶,合体,H1,亻,禺,,,,,,,,
2329,偎,合体,H1,亻,畏,,,,,,,,
2330,偷,合体,H1,亻,俞,,,,,,,,
2333,停,合体,H1,亻,亭,,,,,,,,
2334,偏,合体,H1,亻,扁,,,,,,,,
2335,躯,合体,H1,身,区,,,,,,,,
2337,假,合体,H1,亻,叚,,,,,,,,
2338,衅,合体,H1,血,半,,,,,,,,
2339,徘,合体,H1,彳,非,,,,,,,,
2340,徙,合体,H1,彳,走,,,,,,,,
2341,得,合体,H1,彳,㝵,,,,,,,,
2342,衔,合体,H1,彳,衔右,,,,,,,,
2344,舶,合体,H1,舟,白,,,,,,,,
2345,船,合体,H1,舟,沿右,,,,,,,,
2346,舵,合体,H1,舟,它,,,,,,,,
2355,脚,合体,H1,月,却,,,,,,,,
2356,脖,合体,H1,月,孛,,,,,,,,
2357,脯,合体,H1,月,甫,,,,,,,,
2358,豚,合体,H1,月,豕,,,,,,,,
2359,脸,合体,H1,月,佥,,,,,,,,
2360,脱,合体,H1,月,兑,,,,,,,,
2364,猜,合体,H1,犭,青,,,,,,,,
2365,猪,合体,H1,犭,者,,,,,,,,
2366,猎,合体,H1,犭,昔,,,,,,,,
2367,猫,合体,H1,犭,苗,,,,,,,,
2369,猖,合体,H1,犭,昌,,,,,,,,
2370,猛,合体,H1,犭,孟,,,,,,,,
2372,馅,合体,H1,饣,臽,,,,,,,,
2373,馆,合体,H1,饣,官,,,,,,,,
2374,凑,合体,H1,冫,奏,,,,,,,,
2375,减,合体,H1,冫,咸,,,,,,,,
2392,族,合体,H1,方,族右,,,,,,,,
2393,旋,合体,H1,方,旋右,,,,,,,,
2399,羚,合体,H1,羊,令,,,,,,,,
2402,粘,合体,H1,米,占,,,,,,,,
2403,粗,合体,H1,米,且,,,,,,,,
2404,粒,合体,H1,米,立,,,,,,,,
2408,焊,合体,H1,火,旱,,,,,,,,
2409,焕,合体,H1,火,奂,,,,,,,,
2410,清,合体,H1,氵,青,,,,,,,,
2411,添,合体,H1,氵,忝,,,,,,,,
2412,鸿,合体,H1,氵,工鸟,,,,,,,,
2413,淋,合体,H1,氵,林,,,,,,,,
2414,涯,合体,H1,氵,厓,,,,,,,,
2415,淹,合体,H1,氵,奄,,,,,,,,
2417,渐,合体,H1,氵,斩,,,,,,,,
2418,淑,合体,H1,氵,叔,,,,,,,,
2419,淌,合体,H1,氵,尚,,,,,,,,
2420,混,合体,H1,氵,昆,,,,,,,,
2421,淮,合体,H1,氵,隹,,,,,,,,
2422,淆,合体,H1,氵,肴,,,,,,,,
2423,渊,合体,H1,氵,渊右,,,,,,,,
2424,淫,合体,H1,氵,㸒,,,,,,,,
2425,渔,合体,H1,氵,鱼,,,,,,,,
2426,淘,合体,H1,氵,匋,,,,,,,,
2427,淳,合体,H1,氵,享,,,,,,,,
2428,液,合体,H1,氵,夜,,,,,,,,
2429,淤,合体,H1,氵,於,,,,,,,,
2430,淡,合体,H1,氵,炎,,,,,,,,
2431,淀,合体,H1,氵,定,,,,,,,,
2432,深,合体,H1,氵,罙,,,,,,,,
2433,涮,合体,H1,氵,刷,,,,,,,,
2434,涵,合体,H1,氵,函,,,,,,,,
2437,渗,合体,H1,氵,参,,,,,,,,
2438,情,合体,H1,忄,青,,,,,,,,
2439,惜,合体,H1,忄,昔,,,,,,,,
2440,惭,合体,H1,忄,斩,,,,,,,,
2441,悼,合体,H1,忄,卓,,,,,,,,
2442,惧,合体,H1,忄,具,,,,,,,,
2443,惕,合体,H1,忄,易,,,,,,,,
2444,惟,合体,H1,忄,隹,,,,,,,,
2445,惊,合体,H1,忄,京,,,,,,,,
2446,惦,合体,H1,忄,店,,,,,,,,
2447,悴,合体,H1,忄,卒,,,,,,,,
2448,惋,合体,H1,忄,宛,,,,,,,,
2449,惨,合体,H1,忄,参,,,,,,,,
2450,惯,合体,H1,忄,贯,,,,,,,,
2459,谋,合体,H1,讠,某,,,,,,,,
2460,谍,合体,H1,讠,枼,,,,,,,,
2461,谎,合体,H1,讠,荒,,,,,,,,
2462,谐,合体,H1,讠,皆,,,,,,,,
2463,袱,合体,H1,衤,伏,,,,,,,,
2464,祷,合体,H1,礻,寿,,,,,,,,
2465,祸,合体,H1,礻,呙,,,,,,,,
2466,谓,合体,H1,讠,胃,,,,,,,,
2467,谚,合体,H1,讠,彦,,,,,,,,
2468,谜,合体,H1,讠,迷,,,,,,,,
2473,弹,合体,H1,弓,单,,,,,,,,
2474,隋,合体,H1,阝,左月,,,,,,,,
2476,随,合体,H1,阝,迶,,,,,,,,
2478,隅,合体,H1,阝,禺,,,,,,,,
2479,隆,合体,H1,阝,㚅,,,,,,,,
2480,隐,合体,H1,阝,急,,,,,,,,
2481,婚,合体,H1,女,昏,,,,,,,,
2482,婶,合体,H1,女,审,,,,,,,,
2483,婉,合体,H1,女,宛,,,,,,,,
2486,绩,合体,H1,纟,责,,,,,,,,
2487,绪,合体,H1,纟,者,,,,,,,,
2488,续,合体,H1,纟,卖,,,,,,,,
2489,骑,合体,H1,马,奇,,,,,,,,
2490,绰,合体,H1,纟,卓,,,,,,,,
2491,绳,合体,H1,纟,黾,,,,,,,,
2492,维,合体,H1,纟,隹,,,,,,,,
2493,绵,合体,H1,纟,帛,,,,,,,,
2494,绷,合体,H1,纟,朋,,,,,,,,
2495,绸,合体,H1,纟,周,,,,,,,,
2496,综,合体,H1,纟,宗,,,,,,,,
2497,绽,合体,H1,纟,定,,,,,,,,
2498,绿,合体,H1,纟,录,,,,,,,,
2499,缀,合体,H1,纟,叕,,,,,,,,
2502,琳,合体,H1,王,林,,,,,,,,
2503,琢,合体,H1,王,豖,,,,,,,,
2504,琼,合体,H1,王,京,,,,,,,,
2507,揍,合体,H1,扌,奏,,,,,,,,
2509,堪,合体,H1,土,甚,,,,,,,,
2510,塔,合体,H1,土,荅,,,,,,,,
2511,搭,合体,H1,扌,荅,,,,,,,,
2512,堰,合体,H1,土,匽,,,,,,,,
2513,揩,合体,H1,扌,皆,,,,,,,,
2518,揽,合体,H1,扌,览,,,,,,,,
2519,堤,合体,H1,土,是,,,,,,,,
2520,提,合体,H1,扌,是,,,,,,,,
2521,博,合体,H1,十,尃,,,,,,,,
2522,揭,合体,H1,扌,曷,,,,,,,,
2525,揣,合体,H1,扌,耑,,,,,,,,
2526,插,合体,H1,扌,臿,,,,,,,,
2527,揪,合体,H1,扌,秋,,,,,,,,
2528,搜,合体,H1,扌,叟,,,,,,,,
2530,援,合体,H1,扌,爰,,,,,,,,
2531,搀,合体,H1,扌,馋右,,,,,,,,
2533,搁,合体,H1,扌,阁,,,,,,,,
2534,搓,合体,H1,扌,差,,,,,,,,
2535,搂,合体,H1,扌,娄,,,,,,,,
2536,搅,合体,H1,扌,觉,,,,,,,,
2538,握,合体,H1,扌,屋,,,,,,,,
2539,搔,合体,H1,扌,蚤,,,,,,,,
2540,揉,合体,H1,扌,柔,,,,,,,,
2544,联,合体,H1,耳,关,,,,,,,,
2562,棒,合体,H1,木,奉,,,,,,,,
2563,棱,合体,H1,木,夌,,,,,,,,
2564,棋,合体,H1,木,其,,,,,,,,
2565,椰,合体,H1,木,耶,,,,,,,,
2566,植,合体,H1,木,直,,,,,,,,
2569,椅,合体,H1,木,奇,,,,,,,,
2570,椒,合体,H1,木,叔,,,,,,,,
2571,棵,合体,H1,木,果,,,,,,,,
2572,棍,合体,H1,木,昆,,,,,,,,
2573,椎,合体,H1,木,隹,,,,,,,,
2574,棉,合体,H1,木,帛,,,,,,,,
2575,棚,合体,H1,木,朋,,,,,,,,
2576,棕,合体,H1,木,宗,,,,,,,,
2577,棺,合体,H1,木,官,,,,,,,,
2578,榔,合体,H1,木,郎,,,,,,,,
2579,椭,合体,H1,木,陏,,,,,,,,
2585,酣,合体,H1,酉,甘,,,,,,,,
2586,酥,合体,H1,酉,禾,,,,,,,,
2589,硬,合体,H1,石,更,,,,,,,,
2590,硝,合体,H1,石,肖,,,,,,,,
2591,确,合体,H1,石,角,,,,,,,,
2592,硫,合体,H1,石,㐬,,,,,,,,
2594,殖,合体,H1,歹,直,,,,,,,,
2596,雄,合体,H1,厷,隹,,,,,,,,
2600,雅,合体,H1,牙,隹,,,,,,,,
2606,辉,合体,H1,光,军,,,,,,,,
2611,晴,合体,H1,日,青,,,,,,,,
2612,睐,合体,H1,目,来,,,,,,,,
2615,晰,合体,H1,日,析,,,,,,,,
2618,喷,合体,H1,口,贲,,,,,,,,
2619,喳,合体,H1,口,查,,,,,,,,
2621,喇,合体,H1,口,剌,,,,,,,,
2623,喊,合体,H1,口,咸,,,,,,,,
2625,晾,合体,H1,日,京,,,,,,,,
2627,畴,合体,H1,田,寿,,,,,,,,
2628,践,合体,H1,足,戋,,,,,,,,
2629,跋,合体,H1,足,犮,,,,,,,,
2630,跌,合体,H1,足,失,,,,,,,,
2631,跑,合体,H1,足,包,,,,,,,,
2632,跛,合体,H1,足,皮,,,,,,,,
2634,蛙,合体,H1,虫,圭,,,,,,,,
2635,蛛,合体,H1,虫,朱,,,,,,,,
2636,蜓,合体,H1,虫,廷,,,,,,,,
2637,蜒,合体,H1,虫,延,,,,,,,,
2638,蛤,合体,H1,虫,合,,,,,,,,
2639,喝,合体,H1,口,曷,,,,,,,,
2641,喂,合体,H1,口,畏,,,,,,,,
2642,喘,合体,H1,口,耑,,,,,,,,
2643,喉,合体,H1,口,侯,,,,,,,,
2644,喻,合体,H1,口,俞,,,,,,,,
2645,啼,合体,H1,口,帝,,,,,,,,
2646,喧,合体,H1,口,宣,,,,,,,,
2648,幅,合体,H1,巾,畐,,,,,,,,
2649,帽,合体,H1,巾,冒,,,,,,,,
2650,赋,合体,H1,贝,武,,,,,,,,
2651,赌,合体,H1,贝,者,,,,,,,,
2652,赎,合体,H1,贝,卖,,,,,,,,
2653,赐,合体,H1,贝,易,,,,,,,,
2654,赔,合体,H1,贝,咅,,,,,,,,
2656,铸,合体,H1,钅,寿,,,,,,,,
2657,铺,合体,H1,钅,甫,,,,,,,,
2658,链,合体,H1,钅,连,,,,,,,,
2659,销,合体,H1,钅,肖,,,,,,,,
2660,锁,合体,H1,钅,锁右,,,,,,,,
2661,锄,合体,H1,钅,助,,,,,,,,
2662,锅,合体,H1,钅,呙,,,,,,,,
2663,锈,合体,H1,钅,秀,,,,,,,,
2664,锋,合体,H1,钅,夆,,,,,,,,
2665,锌,合体,H1,钅,辛,,,,,,,,
2666,锐,合体,H1,钅,兑,,,,,,,,
2669,短,合体,H1,矢,豆,,,,,,,,
2676,稍,合体,H1,禾,肖,,,,,,,,
2677,程,合体,H1,禾,呈,,,,,,,,
2678,稀,合体,H1,禾,希,,,,,,,,
2679,税,合体,H1,禾,兑,,,,,,,,
2690,傲,合体,H1,亻,敖,,,,,,,,
2691,傅,合体,H1,亻,尃,,,,,,,,
2692,牌,合体,H1,片,卑,,,,,,,,
2696,傍,合体,H1,亻,旁,,,,,,,,
2697,储,合体,H1,亻,诸,,,,,,,,
2698,皓,合体,H1,白,告,,,,,,,,
2699,皖,合体,H1,白,完,,,,,,,,
2702,街,合体,H1,彳,街右,,,,,,,,
2704,御,合体,H1,彳,卸,,,,,,,,
2705,循,合体,H1,彳,盾,,,,,,,,
2706,艇,合体,H1,舟,廷,,,,,,,,
2707,舒,合体,H1,舍,予,,,,,,,,
2710,释,合体,H1,采,𠬤,,,,,,,,
2712,腊,合体,H1,月,昔,,,,,,,,
2713,脾,合体,H1,月,卑,,,,,,,,
2714,腋,合体,H1,月,夜,,,,,,,,
2715,腔,合体,H1,月,空,,,,,,,,
2716,腕,合体,H1,月,宛,,,,,,,,
2718,猩,合体,H1,犭,星,,,,,,,,
2719,猬,合体,H1,犭,胃,,,,,,,,
2720,猾,合体,H1,犭,骨,,,,,,,,
2721,猴,合体,H1,犭,侯,,,,,,,,
2724,馈,合体,H1,饣,贵,,,,,,,,
2725,馋,合体,H1,饣,馋右,,,,,,,,
2730,斌,合体,H1,文,武,,,,,,,,
2736,竣,合体,H1,立,夋,,,,,,,,
2748,焰,合体,H1,火,臽,,,,,,,,
2749,港,合体,H1,氵,巷,,,,,,,,
2750,滞,合体,H1,氵,带,,,,,,,,
2751,湖,合体,H1,氵,胡,,,,,,,,
2752,湘,合体,H1,氵,相,,,,,,,,
2753,渣,合体,H1,氵,查,,,,,,,,
2754,渤,合体,H1,氵,勃,,,,,,,,
2755,渺,合体,H1,氵,眇,,,,,,,,
2756,湿,合体,H1,氵,显,,,,,,,,
2757,温,合体,H1,氵,昷,,,,,,,,
2758,渴,合体,H1,氵,曷,,,,,,,,
2759,溃,合体,H1,氵,贵,,,,,,,,
2760,溅,合体,H1,氵,贱,,,,,,,,
2761,滑,合体,H1,氵,骨,,,,,,,,
2762,湃,合体,H1,氵,拜,,,,,,,,
2763,渝,合体,H1,氵,俞,,,,,,,,
2764,湾,合体,H1,氵,弯,,,,,,,,
2765,渡,合体,H1,氵,度,,,,,,,,
2766,游,合体,H1,氵,斿,,,,,,,,
2767,滋,合体,H1,氵,兹,,,,,,,,
2768,渲,合体,H1,氵,宣,,,,,,,,
2769,溉,合体,H1,氵,既,,,,,,,,
2770,愤,合体,H1,忄,贲,,,,,,,,
2771,慌,合体,H1,忄,荒,,,,,,,,
2772,惰,合体,H1,忄,左月,,,,,,,,
2773,愕,合体,H1,忄,咢,,,,,,,,
2774,愣,合体,H1,忄,愣右,,,,,,,,
2775,惶,合体,H1,忄,皇,,,,,,,,
2776,愧,合体,H1,忄,鬼,,,,,,,,
2777,愉,合体,H1,忄,俞,,,,,,,,
2778,慨,合体,H1,忄,既,,,,,,,,
2790,裕,合体,H1,衤,谷,,,,,,,,
2791,裤,合体,H1,衤,库,,,,,,,,
2792,裙,合体,H1,衤,君,,,,,,,,
2793,禅,合体,H1,礻,单,,,,,,,,
2794,禄,合体,H1,礻,录,,,,,,,,
2795,谢,合体,H1,讠,射,,,,,,,,
2796,谣,合体,H1,讠,䍃,,,,,,,,
2797,谤,合体,H1,讠,旁,,,,,,,,
2798,谦,合体,H1,讠,兼,,,,,,,,
2802,强,合体,H1,弓,虽,,,,,,,,
2804,疏,合体,H1,⺪,㐬,,,,,,,,
2805,隔,合体,H1,阝,鬲,,,,,,,,
2806,隙,合体,H1,阝,隙右,,,,,,,,
2807,隘,合体,H1,阝,益,,,,,,,,
2808,媒,合体,H1,女,某,,,,,,,,
2810,嫂,合体,H1,女,叟,,,,,,,,
2811,媚,合体,H1,女,眉,,,,,,,,
2812,婿,合体,H1,女,胥,,,,,,,,
2814,缅,合体,H1,纟,面,,,,,,,,
2815,缆,合体,H1,纟,览,,,,,,,,
2816,缉,合体,H1,纟,咠,,,,,,,,
2817,缎,合体,H1,纟,段,,,,,,,,
2818,缓,合体,H1,纟,爰,,,,,,,,
2819,缔,合体,H1,纟,帝,,,,,,,,
2820,缕,合体,H1,纟,娄,,,,,,,,
2821,骗,合体,H1,马,扁,,,,,,,,
2822,编,合体,H1,纟,扁,,,,,,,,
2823,骚,合体,H1,马,蚤,,,,,,,,
2824,缘,合体,H1,纟,彖,,,,,,,,
2827,瑞,合体,H1,王,耑,,,,,,,,
2828,瑰,合体,H1,王,鬼,,,,,,,,
2829,瑙,合体,H1,王,瑙右,,,,,,,,
2830,魂,合体,H1,云,鬼,,,,,,,,
2831,肆,合体,H1,镸,聿,,,,,,,,
2832,摄,合体,H1,扌,聂,,,,,,,,
2833,摸,合体,H1,扌,莫,,,,,,,,
2834,填,合体,H1,土,真,,,,,,,,
2835,搏,合体,H1,扌,尃,,,,,,,,
2836,塌,合体,H1,土,日羽,,,,,,,,
2838,摆,合体,H1,扌,罢,,,,,,,,
2839,携,合体,H1,扌,隽,,,,,,,,
2840,搬,合体,H1,扌,般,,,,,,,,
2841,摇,合体,H1,扌,䍃,,,,,,,,
2842,搞,合体,H1,扌,高,,,,,,,,
2843,塘,合体,H1,扌,唐,,,,,,,,
2844,摊,合体,H1,扌,难,,,,,,,,
2845,聘,合体,H1,耳,甹,,,,,,,,
2849,靴,合体,H1,革,化,,,,,,,,
2850,靶,合体,H1,革,巴,,,,,,,,
2862,椿,合体,H1,木,春,,,,,,,,
2865,楷,合体,H1,木,皆,,,,,,,,
2866,榄,合体,H1,木,览,,,,,,,,
2868,槐,合体,H1,木,鬼,,,,,,,,
2869,榆,合体,H1,木,俞,,,,,,,,
2870,楼,合体,H1,木,娄,,,,,,,,
2871,概,合体,H1,木,既,,,,,,,,
2873,酪,合体,H1,酉,各,,,,,,,,
2874,酬,合体,H1,酉,州,,,,,,,,
2876,碍,合体,H1,石,㝵,,,,,,,,
2877,碘,合体,H1,石,典,,,,,,,,
2878,碑,合体,H1,石,卑,,,,,,,,
2879,碎,合体,H1,石,卒,,,,,,,,
2880,碰,合体,H1,石,並,,,,,,,,
2881,碗,合体,H1,石,宛,,,,,,,,
2882,碌,合体,H1,石,录,,,,,,,,
2888,辐,合体,H1,车,畐,,,,,,,,
2889,辑,合体,H1,车,咠,,,,,,,,
2890,输,合体,H1,车,俞,,,,,,,,
2893,龄,合体,H1,齿,令,,,,,,,,
2895,睛,合体,H1,目,青,,,,,,,,
2896,睹,合体,H1,目,者,,,,,,,,
2897,睦,合体,H1,目,坴,,,,,,,,
2898,瞄,合体,H1,目,苗,,,,,,,,
2899,睫,合体,H1,目,疌,,,,,,,,
2900,睡,合体,H1,目,垂,,,,,,,,
2901,睬,合体,H1,目,采,,,,,,,,
2902,嗜,合体,H1,口,耆,,,,,,,,
2904,嗦,合体,H1,口,索,,,,,,,,
2906,暖,合体,H1,日,爰,,,,,,,,
2909,暗,合体,H1,日,音,,,,,,,,
2910,暇,合体,H1,日,叚,,,,,,,,
2912,畸,合体,H1,田,奇,,,,,,,,
2913,跨,合体,H1,足,夸,,,,,,,,
2914,跷,合体,H1,足,尧,,,,,,,,
2915,跳,合体,H1,足,兆,,,,,,,,
2916,跺,合体,H1,足,朵,,,,,,,,
2917,跪,合体,H1,足,危,,,,,,,,
2918,路,合体,H1,足,各,,,,,,,,
2919,跤,合体,H1,足,交,,,,,,,,
2920,跟,合体,H1,足,艮,,,,,,,,
2922,蜈,合体,H1,虫,吴,,,,,,,,
2923,蜗,合体,H1,虫,呙,,,,,,,,
2924,蛾,合体,H1,虫,我,,,,,,,,
2925,蜂,合体,H1,虫,夆,,,,,,,,
2926,蜕,合体,H1,虫,兑,,,,,,,,
2927,嗅,合体,H1,口,臭,,,,,,,,
2928,嗡,合体,H1,口,翁,,,,,,,,
2929,嗓,合体,H1,口,桑,,,,,,,,
2935,幌,合体,H1,巾,晃,,,,,,,,
2936,错,合体,H1,钅,昔,,,,,,,,
2937,锚,合体,H1,钅,苗,,,,,,,,
2938,锡,合体,H1,钅,易,,,,,,,,
2939,锣,合体,H1,钅,罗,,,,,,,,
2940,锤,合体,H1,钅,垂,,,,,,,,
2941,锥,合体,H1,钅,隹,,,,,,,,
2942,锦,合体,H1,钅,帛,,,,,,,,
2943,键,合体,H1,钅,建,,,,,,,,
2944,锯,合体,H1,钅,居,,,,,,,,
2945,锰,合体,H1,钅,孟,,,,,,,,
2946,矮,合体,H1,矢,委,,,,,,,,
2947,辞,合体,H1,舌,辛,,,,,,,,
2948,稚,合体,H1,禾,隹,,,,,,,,
2949,稠,合体,H1,禾,周,,,,,,,,
2959,催,合体,H1,亻,崔,,,,,,,,
2960,傻,合体,H1,亻,傻右,,,,,,,,
2961,像,合体,H1,亻,象,,,,,,,,
2962,躲,合体,H1,身,朵,,,,,,,,
2964,衙,合体,H1,彳,吾亍,,,,,,,,
2965,微,合体,H1,彳,微右,,,,,,,,
2968,腻,合体,H1,月,贰,,,,,,,,
2969,腰,合体,H1,月,要,,,,,,,,
2970,腥,合体,H1,月,星,,,,,,,,
2971,腮,合体,H1,月,思,,,,,,,,
2972,腹,合体,H1,月,复,,,,,,,,
2973,腺,合体,H1,月,泉,,,,,,,,
2975,腾,合体,H1,月,腾右,,,,,,,,
2976,腿,合体,H1,月,退,,,,,,,,
2977,鲍,合体,H1,鱼,包,,,,,,,,
2978,猿,合体,H1,犭,袁,,,,,,,,
2980,触,合体,H1,角,虫,,,,,,,,
2981,解,合体,H1,角,刀牛,,,,,,,,
2983,雏,合体,H1,隹,刍,,,,,,,,
2984,馍,合体,H1,饣,莫,,,,,,,,
2985,馏,合体,H1,饣,留,,,,,,,,
2993,靖,合体,H1,立,青,,,,,,,,
2995,韵,合体,H1,音,匀,,,,,,,,
2998,粮,合体,H1,米,良,,,,,,,,
3003,煤,合体,H1,火,某,,,,,,,,
3004,煌,合体,H1,火,皇,,,,,,,,
3005,满,合体,H1,氵,艹两,,,,,,,,
3006,漠,合体,H1,氵,莫,,,,,,,,
3007,滇,合体,H1,氵,真,,,,,,,,
3008,源,合体,H1,氵,原,,,,,,,,
3009,滤,合体,H1,氵,虑,,,,,,,,
3010,滥,合体,H1,氵,监,,,,,,,,
3011,滔,合体,H1,氵,舀,,,,,,,,
3012,溪,合体,H1,氵,奚,,,,,,,,
3013,溜,合体,H1,氵,留,,,,,,,,
3014,漓,合体,H1,氵,离,,,,,,,,
3015,滚,合体,H1,氵,衮,,,,,,,,
3016,溢,合体,H1,氵,益,,,,,,,,
3017,溯,合体,H1,氵,朔,,,,,,,,
3018,滨,合体,H1,氵,宾,,,,,,,,
3019,溶,合体,H1,氵,容,,,,,,,,
3020,溺,合体,H1,氵,弱,,,,,,,,
3022,滩,合体,H1,氵,难,,,,,,,,
3023,慎,合体,H1,忄,真,,,,,,,,
3030,谨,合体,H1,讠,堇,,,,,,,,
3031,褂,合体,H1,衤,卦,,,,,,,,
3032,裸,合体,H1,衤,果,,,,,,,,
3033,福,合体,H1,礻,畐,,,,,,,,
3034,谬,合体,H1,讠,翏,,,,,,,,
3038,障,合体,H1,阝,章,,,,,,,,
3039,媳,合体,H1,女,息,,,,,,,,
3040,嫉,合体,H1,女,急,,,,,,,,
3041,嫌,合体,H1,女,兼,,,,,,,,
3042,嫁,合体,H1,女,家,,,,,,,,
3044,缚,合体,H1,纟,尃,,,,,,,,
3045,缝,合体,H1,纟,逢,,,,,,,,
3046,缠,合体,H1,纟,㢆,,,,,,,,
3047,缤,合体,H1,纟,宾,,,,,,,,
3049,静,合体,H1,青,争,,,,,,,,
3051,璃,合体,H1,王,离,,,,,,,,
3054,墙,合体,H1,土,啬,,,,,,,,
3055,墟,合体,H1,土,虚,,,,,,,,
3057,摧,合体,H1,扌,崔,,,,,,,,
3061,境,合体,H1,土,竟,,,,,,,,
3062,摘,合体,H1,扌,啇,,,,,,,,
3063,摔,合体,H1,扌,率,,,,,,,,
3064,撇,合体,H1,扌,敝,,,,,,,,
3078,模,合体,H1,木,莫,,,,,,,,
3079,槛,合体,H1,木,监,,,,,,,,
3080,榴,合体,H1,木,留,,,,,,,,
3081,榜,合体,H1,木,旁,,,,,,,,
3082,榨,合体,H1,木,乍,,,,,,,,
3083,榕,合体,H1,木,容,,,,,,,,
3086,酵,合体,H1,酉,孝,,,,,,,,
3087,酷,合体,H1,酉,告,,,,,,,,
3088,酿,合体,H1,酉,良,,,,,,,,
3089,酸,合体,H1,酉,夋,,,,,,,,
3090,碟,合体,H1,石,枼,,,,,,,,
3091,碱,合体,H1,石,咸,,,,,,,,
3092,碳,合体,H1,石,炭,,,,,,,,
3093,磁,合体,H1,石,兹,,,,,,,,
3096,辖,合体,H1,车,害,,,,,,,,
3097,辗,合体,H1,车,展,,,,,,,,
3101,瞅,合体,H1,目,秋,,,,,,,,
3103,嗽,合体,H1,口,欶,,,,,,,,
3104,踊,合体,H1,足,甬,,,,,,,,
3105,蜻,合体,H1,虫,青,,,,,,,,
3106,蜡,合体,H1,虫,昔,,,,,,,,
3107,蝇,合体,H1,虫,黾,,,,,,,,
3108,蜘,合体,H1,虫,知,,,,,,,,
3109,蝉,合体,H1,虫,单,,,,,,,,
3110,嘛,合体,H1,口,麻,,,,,,,,
3111,嘀,合体,H1,口,啇,,,,,,,,
3112,赚,合体,H1,贝,兼,,,,,,,,
3113,锹,合体,H1,钅,秋,,,,,,,,
3114,锻,合体,H1,钅,段,,,,,,,,
3115,镀,合体,H1,钅,度,,,,,,,,
3117,舔,合体,H1,舌,忝,,,,,,,,
3118,稳,合体,H1,禾,急,,,,,,,,
3126,僚,合体,H1,亻,尞,,,,,,,,
3127,僧,合体,H1,亻,曾,,,,,,,,
3129,魄,合体,H1,白,鬼,,,,,,,,
3131,貌,合体,H1,豸,皃,,,,,,,,
3132,膜,合体,H1,月,莫,,,,,,,,
3133,膊,合体,H1,月,尃,,,,,,,,
3134,膀,合体,H1,月,旁,,,,,,,,
3135,鲜,合体,H1,鱼,羊,,,,,,,,
3136,疑,合体,H1,疑左,疑右,,,,,,,,
3137,孵,合体,H1,卵,孚,,,,,,,,
3138,馒,合体,H1,饣,曼,,,,,,,,
3148,辣,合体,H1,辛,束,,,,,,,,
3150,竭,合体,H1,立,曷,,,,,,,,
3151,端,合体,H1,立,耑,,,,,,,,
3152,旗,合体,H1,方,旗右,,,,,,,,
3153,精,合体,H1,米,青,,,,,,,,
3154,粹,合体,H1,米,卒,,,,,,,,
3157,熄,合体,H1,火,息,,,,,,,,
3158,熔,合体,H1,火,容,,,,,,,,
3159,煽,合体,H1,火,扇,,,,,,,,
3160,潇,合体,H1,氵,萧,,,,,,,,
3161,漆,合体,H1,氵,桼,,,,,,,,
3162,漱,合体,H1,氵,欶,,,,,,,,
3163,漂,合体,H1,氵,票,,,,,,,,
3164,漫,合体,H1,氵,曼,,,,,,,,
3165,滴,合体,H1,氵,啇,,,,,,,,
3166,漾,合体,H1,氵,羕,,,,,,,,
3167,演,合体,H1,氵,寅,,,,,,,,
3168,漏,合体,H1,氵,屚,,,,,,,,
3169,慢,合体,H1,忄,曼,,,,,,,,
3170,慷,合体,H1,忄,康,,,,,,,,
3177,谭,合体,H1,讠,覃,,,,,,,,
3179,褐,合体,H1,衤,曷,,,,,,,,
3180,褪,合体,H1,衤,退,,,,,,,,
3181,谱,合体,H1,讠,普,,,,,,,,
3182,隧,合体,H1,阝,遂,,,,,,,,
3183,嫩,合体,H1,女,欶,,,,,,,,
3187,骡,合体,H1,马,累,,,,,,,,
3188,缩,合体,H1,纟,宿,,,,,,,,
3190,撵,合体,H1,扌,辇,,,,,,,,
3191,撕,合体,H1,扌,斯,,,,,,,,
3192,撒,合体,H1,扌,散,,,,,,,,
3193,撩,合体,H1,扌,尞,,,,,,,,
3194,趣,合体,H1,扌,取,,,,,,,,
3195,趟,合体,H1,扌,尚,,,,,,,,
3196,撑,合体,H1,扌,掌,,,,,,,,
3197,撮,合体,H1,扌,最,,,,,,,,
3198,撬,合体,H1,扌,毳,,,,,,,,
3199,播,合体,H1,扌,番,,,,,,,,
3200,擒,合体,H1,扌,禽,,,,,,,,
3201,墩,合体,H1,土,敦,,,,,,,,
3202,撞,合体,H1,扌,童,,,,,,,,
3203,撤,合体,H1,扌,育攵,,,,,,,,
3204,增,合体,H1,土,曾,,,,,,,,
3205,撰,合体,H1,扌,巽,,,,,,,,
3206,聪,合体,H1,耳,总,,,,,,,,
3207,鞋,合体,H1,革,圭,,,,,,,,
3208,鞍,合体,H1,革,安,,,,,,,,
3213,横,合体,H1,木,黄,,,,,,,,
3214,槽,合体,H1,木,曹,,,,,,,,
3215,樱,合体,H1,木,婴,,,,,,,,
3216,橡,合体,H1,木,象,,,,,,,,
3217,樟,合体,H1,木,章,,,,,,,,
3218,橄,合体,H1,木,敢,,,,,,,,
3220,豌,合体,H1,豆,宛,,,,,,,,
3222,醋,合体,H1,酉,昔,,,,,,,,
3223,醇,合体,H1,酉,享,,,,,,,,
3224,醉,合体,H1,酉,卒,,,,,,,,
3225,磕,合体,H1,石,盍,,,,,,,,
3227,磅,合体,H1,石,旁,,,,,,,,
3228,碾,合体,H1,石,展,,,,,,,,
3232,瞒,合体,H1,目,艹两,,,,,,,,
3235,瞎,合体,H1,目,害,,,,,,,,
3236,嘻,合体,H1,口,喜,,,,,,,,
3237,嘶,合体,H1,口,斯,,,,,,,,
3238,嘲,合体,H1,口,朝,,,,,,,,
3239,嘹,合体,H1,口,尞,,,,,,,,
3241,踢,合体,H1,足,易,,,,,,,,
3242,踏,合体,H1,足,沓,,,,,,,,
3243,踩,合体,H1,足,采,,,,,,,,
3244,踪,合体,H1,足,宗,,,,,,,,
3245,蝶,合体,H1,虫,枼,,,,,,,,
3246,蝴,合体,H1,虫,胡,,,,,,,,
3247,蝠,合体,H1,虫,畐,,,,,,,,
3248,蝎,合体,H1,虫,曷,,,,,,,,
3249,蝌,合体,H1,虫,科,,,,,,,,
3250,蝗,合体,H1,虫,皇,,,,,,,,
3251,蝙,合体,H1,虫,扁,,,,,,,,
3252,嘿,合体,H1,口,黑,,,,,,,,
3253,嘱,合体,H1,口,属,,,,,,,,
3254,幢,合体,H1,巾,童,,,,,,,,
3256,镇,合体,H1,钅,真,,,,,,,,
3257,镐,合体,H1,钅,高,,,,,,,,
3258,镑,合体,H1,钅,旁,,,,,,,,
3260,稽,合体,H1,禾,尤旨,,,,,,,,
3261,稻,合体,H1,禾,舀,,,,,,,,
3263,稿,合体,H1,禾,高,,,,,,,,
3264,稼,合体,H1,禾,家,,,,,,,,
3269,僵,合体,H1,亻,畺,,,,,,,,
3270,躺,合体,H1,身,尚,,,,,,,,
3271,僻,合体,H1,亻,辟,,,,,,,,
3272,德,合体,H1,彳,德右,,,,,,,,
3273,艘,合体,H1,舟,叟,,,,,,,,
3274,膝,合体,H1,月,桼,,,,,,,,
3275,膛,合体,H1,月,堂,,,,,,,,
3276,鲤,合体,H1,鱼,里,,,,,,,,
3277,鲫,合体,H1,鱼,即,,,,,,,,
3284,凛,合体,H1,冫,禀,,,,,,,,
3287,糊,合体,H1,米,胡,,,,,,,,
3290,潜,合体,H1,氵,替,,,,,,,,
3291,澎,合体,H1,氵,彭,,,,,,,,
3292,潮,合体,H1,氵,朝,,,,,,,,
3293,潭,合体,H1,氵,覃,,,,,,,,
3295,澳,合体,H1,氵,奥,,,,,,,,
3296,潘,合体,H1,氵,番,,,,,,,,
3297,澈,合体,H1,氵,育攵,,,,,,,,
3298,澜,合体,H1,氵,阑,,,,,,,,
3299,澄,合体,H1,氵,登,,,,,,,,
3300,懂,合体,H1,忄,董,,,,,,,,
3301,憔,合体,H1,忄,焦,,,,,,,,
3302,懊,合体,H1,忄,奥,,,,,,,,
3303,憎,合体,H1,忄,曾,,,,,,,,
3306,褥,合体,H1,衤,辱,,,,,,,,
3307,谴,合体,H1,讠,遣,,,,,,,,
3314,缭,合体,H1,纟,尞,,,,,,,,
3315,撼,合体,H1,扌,感,,,,,,,,
3316,擂,合体,H1,扌,雷,,,,,,,,
3317,操,合体,H1,扌,喿,,,,,,,,
3318,擅,合体,H1,扌,亶,,,,,,,,
3328,翰,合体,H1,龺,人羽,,,,,,,,
3330,橱,合体,H1,木,厨,,,,,,,,
3331,橙,合体,H1,木,登,,,,,,,,
3332,橘,合体,H1,木,矞,,,,,,,,
3336,醒,合体,H1,酉,星,,,,,,,,
3339,辙,合体,H1,车,育攵,,,,,,,,
3340,冀,合体,H1,北,異,,,,,,,,
3342,嘴,合体,H1,口,觜,,,,,,,,
3343,踱,合体,H1,足,度,,,,,,,,
3344,蹄,合体,H1,足,帝,,,,,,,,
3345,蹂,合体,H1,足,柔,,,,,,,,
3346,蟆,合体,H1,虫,莫,,,,,,,,
3347,螃,合体,H1,虫,旁,,,,,,,,
3349,噪,合体,H1,口,品木,,,,,,,,
3351,赠,合体,H1,贝,曾,,,,,,,,
3352,默,合体,H1,黑,犬,,,,,,,,
3353,黔,合体,H1,黑,今,,,,,,,,
3354,镜,合体,H1,钅,竟,,,,,,,,
3356,穆,合体,H1,禾,㣎,,,,,,,,
3361,儒,合体,H1,亻,需,,,,,,,,
3363,衡,合体,H1,彳,衡右,,,,,,,,
3364,膨,合体,H1,月,彭,,,,,,,,
3366,鲸,合体,H1,鱼,京,,,,,,,,
3370,凝,合体,H1,冫,疑,,,,,,,,
3373,糙,合体,H1,米,造,,,,,,,,
3374,糖,合体,H1,米,唐,,,,,,,,
3375,糕,合体,H1,米,羔,,,,,,,,
3376,燃,合体,H1,火,然,,,,,,,,
3377,濒,合体,H1,氵,频,,,,,,,,
3378,澡,合体,H1,氵,喿,,,,,,,,
3379,激,合体,H1,氵,敫,,,,,,,,
3380,懒,合体,H1,忄,赖,,,,,,,,
3381,憾,合体,H1,忄,感,,,,,,,,
3382,懈,合体,H1,忄,解,,,,,,,,
3386,缰,合体,H1,纟,畺,,,,,,,,
3387,缴,合体,H1,纟,敫,,,,,,,,
3389,擦,合体,H1,扌,察,,,,,,,,
3391,鞠,合体,H1,革,匊,,,,,,,,
3394,檬,合体,H1,木,蒙,,,,,,,,
3395,檐,合体,H1,木,詹,,,,,,,,
3396,檀,合体,H1,木,亶,,,,,,,,
3397,礁,合体,H1,石,焦,,,,,,,,
3398,磷,合体,H1,石,粦,,,,,,,,
3401,瞭,合体,H1,目,尞,,,,,,,,
3402,瞧,合体,H1,目,焦,,,,,,,,
3403,瞬,合体,H1,目,舜,,,,,,,,
3404,瞳,合体,H1,目,童,,,,,,,,
3405,瞩,合体,H1,目,属,,,,,,,,
3406,瞪,合体,H1,目,登,,,,,,,,
3407,曙,合体,H1,日,署,,,,,,,,
3408,蹋,合体,H1,足,蹋右,,,,,,,,
3409,蹈,合体,H1,足,舀,,,,,,,,
3410,螺,合体,H1,虫,累,,,,,,,,
3411,蟋,合体,H1,虫,悉,,,,,,,,
3412,蟀,合体,H1,虫,率,,,,,,,,
3413,嚎,合体,H1,口,豪,,,,,,,,
3414,赡,合体,H1,贝,詹,,,,,,,,
3415,穗,合体,H1,禾,惠,,,,,,,,
3420,徽,合体,H1,彳,徽右,,,,,,,,
3422,朦,合体,H1,月,蒙,,,,,,,,
3423,臊,合体,H1,月,喿,,,,,,,,
3424,鳄,合体,H1,鱼,咢,,,,,,,,
3428,糟,合体,H1,米,曹,,,,,,,,
3429,糠,合体,H1,米,康,,,,,,,,
3430,燥,合体,H1,火,喿,,,,,,,,
3431,懦,合体,H1,忄,需,,,,,,,,
3436,骤,合体,H1,马,聚,,,,,,,,
3438,鞭,合体,H1,革,便,,,,,,,,
3441,瞻,合体,H1,目,詹,,,,,,,,
3442,蹦,合体,H1,足,崩,,,,,,,,
3444,镰,合体,H1,钅,廉,,,,,,,,
3446,鳍,合体,H1,鱼,耆,,,,,,,,
3448,瀑,合体,H1,氵,暴,,,,,,,,
3449,襟,合体,H1,衤,禁,,,,,,,,
3457,曝,合体,H1,日,暴,,,,,,,,
3458,蹲,合体,H1,足,尊,,,,,,,,
3459,蹭,合体,H1,足,曾,,,,,,,,
3460,蹬,合体,H1,足,登,,,,,,,,
3461,巅,合体,H1,山,颠,,,,,,,,
3463,簿,合体,H1,竹,溥,,,,,,,,
3471,爆,合体,H1,火,暴,,,,,,,,
3474,壤,合体,H1,土,襄,,,,,,,,
3476,耀,合体,H1,光,翟,,,,,,,,
3477,躁,合体,H1,足,喿,,,,,,,,
3478,蠕,合体,H1,虫,需,,,,,,,,
3479,嚼,合体,H1,口,爵,,,,,,,,
3480,嚷,合体,H1,口,襄,,,,,,,,
3483,鳞,合体,H1,鱼,粦,,,,,,,,
3485,糯,合体,H1,米,需,,,,,,,,
3486,灌,合体,H1,氵,雚,,,,,,,,
3489,霸,合体,H1,雨,革月,,,,,,,,
3490,露,合体,H1,雨,路,,,,,,,,
3491,霹,合体,H1,雨,辟,,,,,,,,
3492,躏,合体,H1,足,蔺,,,,,,,,
3493,黯,合体,H1,黑,音,,,,,,,,
3494,髓,合体,H1,骨,遀,,,,,,,,
3495,赣,合体,H1,章,夂贡,,,,,,,,
3497,镶,合体,H1,钅,襄,,,,,,,,
3499,罐,合体,H1,缶,襄,,,,,,,,
185,邓,合体,H1,又,阝,,,,,,,,
186,劝,合体,H1,又,力,,,,,,,,
413,师,合体,H1,ﾘ,巾,,,,,,,,
191,刊,合体,H1,干,刂,,,,,,,,
202,功,合体,H1,工,力,,,,,,,,
232,旧,合体,H1,丨,日,,,,,,,,
233,帅,合体,H1,ﾘ,巾,,,,,,,,
234,归,合体,H1,ﾘ,彐,,,,,,,,
285,印,合体,H1,印左,卩,,,,,,,,
291,卯,合体,H1,卯左,卩,,,,,,,,
335,加,合体,H1,力,口,,,,,,,,
348,邦,合体,H1,丰,阝,,,,,,,,
351,刑,合体,H1,开,刂,,,,,,,,
353,动,合体,H1,云,力,,,,,,,,
399,列,合体,H1,歹,刂,,,,,,,,
405,邪,合体,H1,牙,阝,,,,,,,,
407,划,合体,H1,戈,刂,,,,,,,,
440,则,合体,H1,贝,刂,,,,,,,,
441,刚,合体,H1,冈,刂,,,,,,,,
494,创,合体,H1,仓,刂,,,,,,,,
517,刘,合体,H1,文,刂,,,,,,,,
564,那,合体,H1,那左,阝,,,,,,,,
573,收,合体,H1,丩,攵,,,,,,,,
604,形,合体,H1,开,彡,,,,,,,,
658,却,合体,H1,去,卩,,,,,,,,
660,劫,合体,H1,去,力,,,,,,,,
702,励,合体,H1,厉,力,,,,,,,,
719,助,合体,H1,且,力,,,,,,,,
732,邮,合体,H1,由,阝,,,,,,,,
751,别,合体,H1,另,刂,,,,,,,,
762,乱,合体,H1,舌,乚,,,,,,,,
801,邻,合体,H1,令,阝,,,,,,,,
815,删,合体,H1,册,刂,,,,,,,,
817,彤,合体,H1,丹,彡,,,,,,,,
821,刨,合体,H1,包,刂,,,,,,,,
849,判,合体,H1,半,刂,,,,,,,,
901,即,合体,H1,既左,卩,,,,,,,,
908,改,合体,H1,己变,攵,,,,,,,,
926,劲,合体,H1,巠,力,,,,,,,,
928,鸡,合体,H1,又,鸟,,,,,,,,
952,规,合体,H1,夫,见,,,,,,,,
954,卦,合体,H1,圭,卜,,,,,,,,
971,顶,合体,H1,丁,页,,,,,,,,
1037,卧,合体,H1,臣,卜,,,,,,,,
1039,刺,合体,H1,朿,刂,,,,,,,,
1043,郁,合体,H1,有,阝,,,,,,,,
1053,欧,合体,H1,区,欠,,,,,,,,
1054,殴,合体,H1,区,殳,,,,,,,,
1058,顷,合体,H1,匕,页,,,,,,,,
1063,到,合体,H1,至,刂,,,,,,,,
1065,叔,合体,H1,叔左,又,,,,,,,,
1112,凯,合体,H1,岂,几,,,,,,,,
1121,制,合体,H1,制左,刂,,,,,,,,
1129,刮,合体,H1,舌,刂,,,,,,,,
1158,欣,合体,H1,斤,欠,,,,,,,,
1167,刹,合体,H1,杀,刂,,,,,,,,
1175,乳,合体,H1,孚,乚,,,,,,,,
1216,剂,合体,H1,齐,刂,,,,,,,,
1218,郊,合体,H1,交,阝,,,,,,,,
1223,放,合体,H1,方,攵,,,,,,,,
1224,刻,合体,H1,亥,刂,,,,,,,,
1226,氓,合体,H1,亡,民,,,,,,,,
1229,郑,合体,H1,关,阝,,,,,,,,
1287,郎,合体,H1,朗左,阝,,,,,,,,
1304,录,合体,H1,录上,氺,,,,,,,,
1310,刷,合体,H1,刷左,刂,,,,,,,,
1366,封,合体,H1,圭,寸,,,,,,,,
1376,政,合体,H1,正,攵,,,,,,,,
1401,荆,合体,H1,茾,刂,,,,,,,,
1418,故,合体,H1,古,攵,,,,,,,,
1419,胡,合体,H1,古,月,,,,,,,,
1440,勃,合体,H1,孛,力,,,,,,,,
1456,耐,合体,H1,而,寸,,,,,,,,
1459,鸥,合体,H1,区,鸟,,,,,,,,
1464,鸦,合体,H1,牙,鸟,,,,,,,,
1468,战,合体,H1,占,戈,,,,,,,,
1475,削,合体,H1,肖,刂,,,,,,,,
1506,勋,合体,H1,员,力,,,,,,,,
1523,骨,合体,H1,骨上,月,,,,,,,,
1536,卸,合体,H1,卸左,卩,,,,,,,,
1555,段,合体,H1,段左,殳,,,,,,,,
1559,顺,合体,H1,川,页,,,,,,,,
1585,须,合体,H1,彡,页,,,,,,,,
1586,叙,合体,H1,余,又,,,,,,,,
1587,剑,合体,H1,佥,刂,,,,,,,,
1661,剃,合体,H1,弟,刂,,,,,,,,
1721,既,合体,H1,既左,旡,,,,,,,,
1778,顽,合体,H1,元,页,,,,,,,,
1801,都,合体,H1,者,阝,,,,,,,,
1874,顾,合体,H1,厄,页,,,,,,,,
1877,顿,合体,H1,屯,页,,,,,,,,
1879,致,合体,H1,至,攵,,,,,,,,
1892,鸭,合体,H1,甲,鸟,,,,,,,,
1896,剔,合体,H1,易,刂,,,,,,,,
1942,敌,合体,H1,舌,攵,,,,,,,,
1977,殷,合体,H1,㐆,殳,,,,,,,,
1983,拿,合体,H1,合,手,,,,,,,,
1990,颁,合体,H1,分,页,,,,,,,,
1991,颂,合体,H1,公,页,,,,,,,,
2011,皱,合体,H1,刍,皮,,,,,,,,
2022,郭,合体,H1,享,阝,,,,,,,,
2034,效,合体,H1,交,攵,,,,,,,,
2042,剖,合体,H1,咅,刂,,,,,,,,
2044,部,合体,H1,咅,阝,,,,,,,,
2051,瓶,合体,H1,并,瓦,,,,,,,,
2109,朗,合体,H1,朗左,月,,,,,,,,
2129,剥,合体,H1,录,刂,,,,,,,,
2132,剧,合体,H1,居,刂,,,,,,,,
2148,预,合体,H1,予,页,,,,,,,,
2172,赦,合体,H1,赤,攵,,,,,,,,
2195,勘,合体,H1,甚,力,,,,,,,,
2200,勒,合体,H1,革,力,,,,,,,,
2220,彬,合体,H1,林,彡,,,,,,,,
2232,救,合体,H1,求,攵,,,,,,,,
2234,副,合体,H1,畐,刂,,,,,,,,
2252,颅,合体,H1,卢,页,,,,,,,,
2283,鄂,合体,H1,咢,阝,,,,,,,,
2323,敏,合体,H1,每,攵,,,,,,,,
2347,斜,合体,H1,余,斗,,,,,,,,
2349,鸽,合体,H1,合,鸟,,,,,,,,
2350,敛,合体,H1,佥,攵,,,,,,,,
2352,欲,合体,H1,谷,欠,,,,,,,,
2353,彩,合体,H1,采,彡,,,,,,,,
2354,领,合体,H1,令,页,,,,,,,,
2362,够,合体,H1,句,多,,,,,,,,
2405,断,合体,H1,断左,斤,,,,,,,,
2470,敢,合体,H1,敢左,攵,,,,,,,,
2471,尉,合体,H1,尸示,寸,,,,,,,,
2484,颇,合体,H1,皮,页,,,,,,,,
2485,颈,合体,H1,巠,页,,,,,,,,
2508,款,合体,H1,士示,欠,,,,,,,,
2524,彭,合体,H1,壴,彡,,,,,,,,
2541,斯,合体,H1,其,斤,,,,,,,,
2542,期,合体,H1,其,月,,,,,,,,
2543,欺,合体,H1,其,欠,,,,,,,,
2546,散,合体,H1,龷月,攵,,,,,,,,
2553,敬,合体,H1,苟,攵,,,,,,,,
2558,韩,合体,H1,十早,韦,,,,,,,,
2559,朝,合体,H1,十早,月,,,,,,,,
2597,颊,合体,H1,夹,页,,,,,,,,
2607,敞,合体,H1,尚,攵,,,,,,,,
2640,鹃,合体,H1,肙,鸟,,,,,,,,
2667,甥,合体,H1,生,男,,,,,,,,
2674,鹅,合体,H1,我,鸟,,,,,,,,
2675,剩,合体,H1,乘,刂,,,,,,,,
2728,就,合体,H1,京,尤,,,,,,,,
2729,敦,合体,H1,享,攵,,,,,,,,
2739,翔,合体,H1,羊,羽,,,,,,,,
2779,割,合体,H1,害,刂,,,,,,,,
2837,鼓,合体,H1,壴,支,,,,,,,,
2846,斟,合体,H1,甚,斗,,,,,,,,
2848,勤,合体,H1,堇,力,,,,,,,,
2851,鹊,合体,H1,昔,鸟,,,,,,,,
2861,献,合体,H1,南,犬,,,,,,,,
2872,赖,合体,H1,束,负,,,,,,,,
2892,频,合体,H1,步,页,,,,,,,,
2903,鄙,合体,H1,啚,阝,,,,,,,,
2908,歇,合体,H1,曷,欠,,,,,,,,
2950,颓,合体,H1,秃,页,,,,,,,,
2956,毁,合体,H1,臼工,殳,,,,,,,,
2974,鹏,合体,H1,朋,鸟,,,,,,,,
2979,颖,合体,H1,匕禾,页,,,,,,,,
2994,新,合体,H1,亲,斤,,,,,,,,
2999,数,合体,H1,娄,攵,,,,,,,,
3035,群,合体,H1,君,羊,,,,,,,,
3036,殿,合体,H1,尸共,殳,,,,,,,,
3037,辟,合体,H1,辟左,辛,,,,,,,,
3048,剿,合体,H1,巢,刂,,,,,,,,
3084,歌,合体,H1,哥,欠,,,,,,,,
3098,雌,合体,H1,此,隹,,,,,,,,
3100,颗,合体,H1,果,页,,,,,,,,
3140,敲,合体,H1,高,攴,,,,,,,,
3149,彰,合体,H1,章,彡,,,,,,,,
3155,歉,合体,H1,兼,欠,,,,,,,,
3219,敷,合体,H1,尃,攵,,,,,,,,
3221,飘,合体,H1,票,风,,,,,,,,
3240,影,合体,H1,景,彡,,,,,,,,
3285,颜,合体,H1,彦,页,,,,,,,,
3286,毅,合体,H1,豙,殳,,,,,,,,
3304,额,合体,H1,客,页,,,,,,,,
3305,翩,合体,H1,扁,羽,,,,,,,,
3308,鹤,合体,H1,隺,鸟,,,,,,,,
3313,豫,合体,H1,予,象,,,,,,,,
3327,颠,合体,H1,真,页,,,,,,,,
3334,融,合体,H1,鬲,虫,,,,,,,,
3335,瓢,合体,H1,票,瓜,,,,,,,,
3350,鹦,合体,H1,婴,鸟,,,,,,,,
3365,雕,合体,H1,周,隹,,,,,,,,
3416,魏,合体,H1,委,鬼,,,,,,,,
3432,豁,合体,H1,害,谷,,,,,,,,
3445,翻,合体,H1,番,羽,,,,,,,,
3451,戳,合体,H1,翟,戈,,,,,,,,
3465,颤,合体,H1,亶,页,,,,,,,,
3498,瓤,合体,H1,襄,瓜,,,,,,,,
105,比,合体,H2,匕,匕,,,,,,,,
142,从,合体,H2,人,人,,,,,,,,
187,双,合体,H2,又,又,,,,,,,,
290,册,合体,H2,半册,,,,,,,,,
585,羽,合体,H2,习,,,,,,,,,
1018,林,合体,H2,木,,,,,,,,,
1185,朋,合体,H2,月,,,,,,,,,
2134,弱,合体,H2,半弱,,,,,,,,,
2584,棘,合体,H2,朿,,,,,,,,,
3058,赫,合体,H2,赤,,,,,,,,,
3077,兢,合体,H2,克,,,,,,,,,
1774,班,合体,H3,王,リ,,,,,,,,
2505,斑,合体,H3,王,文,,,,,,,,
2668,掰,合体,H3,手,分,,,,,,,,
2803,粥,合体,H3,弓,米,,,,,,,,
3371,辨,合体,H3,辛,ﾘ,,,,,,,,
3372,辩,合体,H3,辛,讠,,,,,,,,
3426,辫,合体,H3,辛,纟,,,,,,,,
3468,瓣,合体,H3,辛,瓜,,,,,,,,
686,巫,合体,M,工,人,,,,,,,,
797,坐,合体,M,土,人,,,,,,,,
1524,幽,合体,M,山,幺,,,,,,,,
2244,爽,合体,M,大,×,,,,,,,,
3329,噩,合体,M,王,口,,,,,,,,
3348,器,合体,M,犬,口,,,,,,,,
3443,嚣,合体,M,页,口,,,,,,,,
3,二,独体,,,,,,,,,,,
4,十,独体,,,,,,,,,,,
10,人,独体,,,,,,,,,,,
11,入,独体,,,,,,,,,,,
18,刀,独体,,,,,,,,,,,
19,力,独体,,,,,,,,,,,
22,三,独体,,,,,,,,,,,
23,干,独体,,,,,,,,,,,
24,于,独体,,,,,,,,,,,
25,亏,独体,,,,,,,,,,,
26,工,独体,,,,,,,,,,,
27,土,独体,,,,,,,,,,,
28,士,独体,,,,,,,,,,,
31,寸,独体,,,,,,,,,,,
32,大,独体,,,,,,,,,,,
33,丈,独体,,,,,,,,,,,
50,凡,独体,,,,,,,,,,,
51,丸,独体,,,,,,,,,,,
53,广,独体,,,,,,,,,,,
59,尸,独体,,,,,,,,,,,
60,己,独体,,,,,,,,,,,
61,已,独体,,,,,,,,,,,
62,巳,独体,,,,,,,,,,,
68,刃,独体,,,,,,,,,,,
71,叉,独体,,,,,,,,,,,
75,王,独体,,,,,,,,,,,
78,天,独体,,,,,,,,,,,
79,夫,独体,,,,,,,,,,,
87,木,独体,,,,,,,,,,,
92,犬,独体,,,,,,,,,,,
93,太,独体,,,,,,,,,,,
96,歹,独体,,,,,,,,,,,
126,夭,独体,,,,,,,,,,,
144,今,独体,,,,,,,,,,,
150,月,独体,,,,,,,,,,,
157,乌,独体,,,,,,,,,,,
163,方,独体,,,,,,,,,,,
170,户,独体,,,,,,,,,,,
174,心,独体,,,,,,,,,,,
181,办,独体,,,,,,,,,,,
184,予,独体,,,,,,,,,,,
190,玉,独体,,,,,,,,,,,
192,未,独体,,,,,,,,,,,
193,末,独体,,,,,,,,,,,
198,正,独体,,,,,,,,,,,
210,本,独体,,,,,,,,,,,
211,术,独体,,,,,,,,,,,
220,戊,独体,,,,,,,,,,,
222,平,独体,,,,,,,,,,,
235,旦,独体,,,,,,,,,,,
236,目,独体,,,,,,,,,,,
237,且,独体,,,,,,,,,,,
239,甲,独体,,,,,,,,,,,
240,申,独体,,,,,,,,,,,
242,电,独体,,,,,,,,,,,
244,田,独体,,,,,,,,,,,
245,由,独体,,,,,,,,,,,
248,史,独体,,,,,,,,,,,
258,冉,独体,,,,,,,,,,,
260,凹,独体,,,,,,,,,,,
264,矢,独体,,,,,,,,,,,
265,失,独体,,,,,,,,,,,
268,丘,独体,,,,,,,,,,,
278,斥,独体,,,,,,,,,,,
279,瓜,独体,,,,,,,,,,,
282,令,独体,,,,,,,,,,,
283,用,独体,,,,,,,,,,,
284,甩,独体,,,,,,,,,,,
289,匆,独体,,,,,,,,,,,
300,主,合体,,,,,,,,,,,
321,必,独体,,,,,,,,,,,
324,永,独体,,,,,,,,,,,
343,矛,独体,,,,,,,,,,,
369,耳,独体,,,,,,,,,,,
381,吏,独体,,,,,,,,,,,
382,再,独体,,,,,,,,,,,
443,肉,独体,,,,,,,,,,,
445,朱,独体,,,,,,,,,,,
456,乒,独体,,,,,,,,,,,
457,乓,独体,,,,,,,,,,,
462,臼,独体,,,,,,,,,,,
479,血,独体,,,,,,,,,,,
530,羊,独体,,,,,,,,,,,
533,米,独体,,,,,,,,,,,
535,州,独体,,,,,,,,,,,
698,酉,独体,,,,,,,,,,,
818,卵,合体,H1,卵左,卵右,,,,,,,,
825,系,独体,,,,,,,,,,,
884,良,独体,,,,,,,,,,,
400,死,独体,,,,,,,,,,,
275,白,独体,,,,,,,,,,,
389,百,独体,,,,,,,,,,,
281,丛,独体,,,,,,,,,,,
491,众,合体,T,人,,,,,,,,,
1503,品,合体,T,口,,,,,,,,,
2567,森,合体,T,木,,,,,,,,,
2620,晶,合体,T,日,,,,,,,,,
3226,磊,合体,T,石,,,,,,,,,
3500,矗,合体,T,直,,,,,,,,,
3043,叠,合体,V1,叠上,且,,,,,,,,
3116,舞,合体,V1,舞上,舛,,,,,,,,
3427,赢,合体,V1,亡口,月贝凡,,,,,,,,
3472,疆,合体,H1,疆左,畺,,,,,,,,
3496,囊,合体,V1,囊上,襄下,,,,,,,,
41,千,合体,V1,丿,十,,,,,,,,
42,乞,合体,V1,𠂉,乙,,,,,,,,
45,个,合体,V1,人,丨,,,,,,,,
76,开,合体,V1,一,廾,,,,,,,,
86,艺,合体,V1,艹,乙,,,,,,,,
89,支,合体,V1,十,又,,,,,,,,
134,币,合体,V1,丿,巾,,,,,,,,
140,介,合体,V1,人,齐下,,,,,,,,
143,仑,合体,V1,人,匕,,,,,,,,
147,乏,合体,V1,丿,之,,,,,,,,
148,公,合体,V1,八,厶,,,,,,,,
149,仓,合体,V1,人,㔾,,,,,,,,
153,欠,合体,V1,⺈,人,,,,,,,,
160,六,合体,V1,亠,八,,,,,,,,
161,文,合体,V1,亠,乂,,,,,,,,
162,亢,合体,V1,亠,几,,,,,,,,
172,冗,合体,V1,冖,几,,,,,,,,
204,去,合体,V1,土,厶,,,,,,,,
207,艾,合体,V1,艹,乂,,,,,,,,
209,节,合体,V1,艹,卩,,,,,,,,
219,夯,合体,V1,大,力,,,,,,,,
228,占,合体,V1,⺊,口,,,,,,,,
230,卢,独体,V1,⺊,尸,,,,,,,,
243,号,合体,V1,口,丂,,,,,,,,
246,只,合体,V1,口,八,,,,,,,,
256,另,合体,V1,口,力,,,,,,,,
267,禾,合体,V1,丿,木,,,,,,,,
295,冬,合体,V1,夂,⺀,,,,,,,,
301,市,合体,V1,丶,帀,,,,,,,,
304,玄,合体,V1,亠,幺,,,,,,,,
306,兰,合体,V1,丷,三,,,,,,,,
312,宁,合体,V1,宀,丁,,,,,,,,
313,穴,合体,V1,宀,八,,,,,,,,
314,它,合体,V1,宀,匕,,,,,,,,
316,写,合体,V1,冖,与,,,,,,,,
370,芋,合体,V1,艹,于,,,,,,,,
372,芒,合体,V1,艹,亡,,,,,,,,
374,芝,合体,V1,艹,之,,,,,,,,
395,夸,合体,V1,大,亏,,,,,,,,
396,夺,合体,V1,大,寸,,,,,,,,
409,毕,合体,V1,比,十,,,,,,,,
414,尘,合体,V1,小,土,,,,,,,,
415,尖,合体,V1,小,大,,,,,,,,
417,光,合体,V1,⺌,兀,,,,,,,,
418,当,合体,V1,⺌,彐,,,,,,,,
419,早,合体,V1,日,十,,,,,,,,
428,吊,合体,V1,口,巾,,,,,,,,
436,岁,合体,V1,山,夕,,,,,,,,
439,岂,合体,V1,山,己,,,,,,,,
447,丢,合体,V1,壬,厶,,,,,,,,
452,乔,合体,V1,夭,乔下,,,,,,,,
485,全,合体,V1,人,王,,,,,,,,
486,会,合体,V1,人,云,,,,,,,,
488,合,合体,V1,人,一口,,,,,,,,
490,企,合体,V1,人,止,,,,,,,,
492,爷,合体,V1,父,卩,,,,,,,,
493,伞,合体,V1,人,伞下,,,,,,,,
508,争,合体,V1,⺈,争下,,,,,,,,
509,色,合体,V1,⺈,巴,,,,,,,,
518,齐,合体,V1,文,齐下,,,,,,,,
519,交,合体,V1,亠,父,,,,,,,,
525,充,合体,V1,亠,允,,,,,,,,
531,并,合体,V1,丷,开,,,,,,,,
532,关,合体,V1,丷,天,,,,,,,,
545,宇,合体,V1,宀,于,,,,,,,,
546,守,合体,V1,宀,寸,,,,,,,,
547,宅,合体,V1,宀,乇,,,,,,,,
548,字,合体,V1,宀,子,,,,,,,,
549,安,合体,V1,宀,女,,,,,,,,
552,军,合体,V1,冖,车,,,,,,,,
566,尽,合体,V1,尺,⺀,,,,,,,,
588,买,合体,V1,乛,头,,,,,,,,
625,走,合体,V1,土,足下,,,,,,,,
627,贡,合体,V1,工,贝,,,,,,,,
628,汞,合体,V1,工,水,,,,,,,,
631,赤,合体,V1,土,赤下,,,,,,,,
650,壳,合体,V1,士,冗,,,,,,,,
651,志,合体,V1,士,心,,,,,,,,
654,声,合体,V1,士,眉头,,,,,,,,
661,芙,合体,V1,艹,夫,,,,,,,,
662,芜,合体,V1,艹,无,,,,,,,,
663,苇,合体,V1,艹,韦,,,,,,,,
664,芽,合体,V1,艹,牙,,,,,,,,
665,花,合体,V1,艹,化,,,,,,,,
666,芹,合体,V1,艹,斤,,,,,,,,
667,芥,合体,V1,艹,介,,,,,,,,
668,芬,合体,V1,艹,分,,,,,,,,
669,苍,合体,V1,艹,仓,,,,,,,,
670,芳,合体,V1,艹,方,,,,,,,,
671,严,合体,V1,亚上,厂,,,,,,,,
672,芦,合体,V1,艹,户,,,,,,,,
673,芯,合体,V1,艹,心,,,,,,,,
674,劳,合体,V1,劳头,力,,,,,,,,
675,克,合体,V1,十,兄,,,,,,,,
676,芭,合体,V1,艹,巴,,,,,,,,
677,苏,合体,V1,艹,办,,,,,,,,
684,杏,合体,V1,木,口,,,,,,,,
688,李,合体,V1,木,子,,,,,,,,
699,丽,合体,V1,一,丽下,,,,,,,,
710,步,合体,V1,止,步下,,,,,,,,
713,肖,合体,V1,⺌,月,,,,,,,,
714,旱,合体,V1,日,干,,,,,,,,
716,呈,合体,V1,口,王,,,,,,,,
718,吴,合体,V1,口,天,,,,,,,,
722,呆,合体,V1,口,木,,,,,,,,
731,足,合体,V1,口,足下,,,,,,,,
733,男,合体,V1,田,力,,,,,,,,
737,员,合体,V1,口,贝,,,,,,,,
748,邑,合体,V1,口,巴,,,,,,,,
754,岗,合体,V1,山,冈,,,,,,,,
760,告,合体,V1,⺧,口,,,,,,,,
764,秃,合体,V1,禾,几,,,,,,,,
765,秀,合体,V1,禾,乃,,,,,,,,
787,皂,合体,V1,白,七,,,,,,,,
795,余,合体,V1,人,余下,,,,,,,,
799,妥,合体,V1,爫,女,,,,,,,,
808,龟,合体,V1,⺈,龟下,,,,,,,,
810,免,合体,V1,⺈,免下,,,,,,,,
814,角,合体,V1,⺈,用,,,,,,,,
816,条,合体,V1,夂,朩,,,,,,,,
829,亩,合体,V1,亠,田,,,,,,,,
841,辛,合体,V1,立,十,,,,,,,,
842,弃,合体,V1,亠,弁,,,,,,,,
850,兑,合体,V1,丷,兄,,,,,,,,
854,弟,合体,V1,丷,弟下,,,,,,,,
877,完,合体,V1,宀,元,,,,,,,,
878,宋,合体,V1,宀,木,,,,,,,,
879,宏,合体,V1,宀,厷,,,,,,,,
880,牢,合体,V1,宀,牛,,,,,,,,
881,究,合体,V1,宀,九,,,,,,,,
882,穷,合体,V1,宀,力,,,,,,,,
883,灾,合体,V1,宀,火,,,,,,,,
895,罕,合体,V1,冖,八干,,,,,,,,
943,奉,独体,V1, ,奉下,,,,,,,,
951,表,合体,V1,丰头,衣下,,,,,,,,
969,者,合体,V1,耂,日,,,,,,,,
983,幸,合体,V1,土,¥,,,,,,,,
998,茉,合体,V1,艹,末,,,,,,,,
999,苦,合体,V1,艹,古,,,,,,,,
1001,苛,合体,V1,艹,可,,,,,,,,
1002,若,合体,V1,艹,右,,,,,,,,
1003,茂,合体,V1,艹,戊,,,,,,,,
1004,苹,合体,V1,艹,平,,,,,,,,
1005,苗,合体,V1,艹,田,,,,,,,,
1006,英,合体,V1,艹,央,,,,,,,,
1007,苟,合体,V1,艹,句,,,,,,,,
1008,苑,合体,V1,艹,夗,,,,,,,,
1009,苞,合体,V1,艹,包,,,,,,,,
1010,范,合体,V1,艹,氾,,,,,,,,
1011,直,合体,V1,十,且,,,,,,,,
1012,茁,合体,V1,艹,出,,,,,,,,
1013,茄,合体,V1,艹,加,,,,,,,,
1014,茎,合体,V1,艹,巠,,,,,,,,
1015,苔,合体,V1,艹,台,,,,,,,,
1016,茅,合体,V1,艹,矛,,,,,,,,
1034,丧,合体,V1,来上,衣下,,,,,,,,
1040,枣,合体,V1,朿,⺀,,,,,,,,
1042,卖,合体,V1,十,买,,,,,,,,
1048,奈,合体,V1,大,示,,,,,,,,
1049,奔,合体,V1,大,卉,,,,,,,,
1050,奇,合体,V1,大,可,,,,,,,,
1051,奋,合体,V1,大,田,,,,,,,,
1057,轰,合体,V1,车,双,,,,,,,,
1068,齿,合体,V1,止,齿下,,,,,,,,
1070,卓,合体,V1,⺊,早,,,,,,,,
1075,尚,合体,V1,⺌,冋,,,,,,,,
1080,昆,合体,V1,日,比,,,,,,,,
1088,易,合体,V1,日,勿,,,,,,,,
1090,昂,合体,V1,日,卬,,,,,,,,
1105,岸,合体,V1,山,厈,,,,,,,,
1106,岩,合体,V1,山,石,,,,,,,,
1108,罗,合体,V1,罒,夕,,,,,,,,
1132,季,合体,V1,禾,子,,,,,,,,
1133,委,合体,V1,禾,女,,,,,,,,
1165,舍,合体,V1,人,干口,,,,,,,,
1166,金,合体,V1,人,金下,,,,,,,,
1168,命,合体,V1,人,命下,,,,,,,,
1169,肴,合体,V1,㐅,有,,,,,,,,
1170,斧,合体,V1,父,斤,,,,,,,,
1171,爸,合体,V1,父,巴,,,,,,,,
1172,采,合体,V1,爫,木,,,,,,,,
1173,觅,合体,V1,爫,见,,,,,,,,
1174,受,合体,V1,爫,冖又,,,,,,,,
1194,鱼,合体,V1,⺈,田一,,,,,,,,
1195,兔,合体,V1,⺈,兔下,,,,,,,,
1200,备,合体,V1,夂,田,,,,,,,,
1205,京,合体,V1,亠,口小,,,,,,,,
1206,享,合体,V1,亠,口子,,,,,,,,
1209,夜,合体,V1,亠,夜下,,,,,,,,
1217,卒,合体,V1,亠,从十,,,,,,,,
1232,单,合体,V1,丷,田十,,,,,,,,
1274,宝,合体,V1,宀,玉,,,,,,,,
1275,宗,合体,V1,宀,示,,,,,,,,
1276,定,合体,V1,宀,定下,,,,,,,,
1277,宠,合体,V1,宀,龙,,,,,,,,
1278,宜,合体,V1,宀,且,,,,,,,,
1279,审,合体,V1,宀,申,,,,,,,,
1280,宙,合体,V1,宀,由,,,,,,,,
1281,官,合体,V1,宀,㠯,,,,,,,,
1282,空,合体,V1,穴,工,,,,,,,,
1283,帘,合体,V1,穴,巾,,,,,,,,
1284,宛,合体,V1,宀,夕㔾,,,,,,,,
1285,实,合体,V1,宀,头,,,,,,,,
1306,帚,合体,V1,彐,帚下,,,,,,,,
1316,孟,合体,V1,子,皿,,,,,,,,
1333,叁,合体,V1,厶,大三,,,,,,,,
1334,参,合体,V1,厶,大彡,,,,,,,,
1402,茸,合体,V1,艹,耳,,,,,,,,
1404,茬,合体,V1,艹,在,,,,,,,,
1405,荐,合体,V1,艹,存,,,,,,,,
1407,带,合体,V1,卅,带下,,,,,,,,
1408,草,合体,V1,艹,早,,,,,,,,
1409,茧,合体,V1,艹,虫,,,,,,,,
1410,茵,合体,V1,艹,因,,,,,,,,
1411,茶,合体,V1,艹,茶下,,,,,,,,
1412,荒,合体,V1,艹,巟,,,,,,,,
1413,茫,合体,V1,艹,汒,,,,,,,,
1414,荡,合体,V1,艹,汤,,,,,,,,
1415,荣,合体,V1,劳头,木,,,,,,,,
1416,荤,合体,V1,劳头,车,,,,,,,,
1417,荧,合体,V1,劳头,火,,,,,,,,
1420,荫,合体,V1,艹,阴,,,,,,,,
1421,荔,合体,V1,艹,劦,,,,,,,,
1423,药,合体,V1,艹,约,,,,,,,,
1431,查,合体,V1,木,旦,,,,,,,,
1458,牵,合体,V1,大,冖牛,,,,,,,,
1466,韭,合体,V1,非,一,,,,,,,,
1476,尝,合体,V1,龸,云,,,,,,,,
1479,是,合体,V1,日,定下,,,,,,,,
1485,显,合体,V1,日,业,,,,,,,,
1486,冒,合体,V1,日,目,,,,,,,,
1488,星,合体,V1,日,生,,,,,,,,
1492,畏,合体,V1,田,畏下,,,,,,,,
1496,界,合体,V1,田,介,,,,,,,,
1504,咽,合体,V1,口,因,,,,,,,,
1517,炭,合体,V1,山,灰,,,,,,,,
1519,罚,合体,V1,罒,罚下,,,,,,,,
1554,竿,合体,V1,竹,干,,,,,,,,
1571,皇,合体,V1,白,王,,,,,,,,
1572,泉,合体,V1,白,水,,,,,,,,
1589,食,合体,V1,人,良,,,,,,,,
1620,亭,合体,V1,亠,高头,,,,,,,,
1621,亮,合体,V1,亠,口冗,,,,,,,,
1631,亲,合体,V1,立,朩,,,,,,,,
1641,养,合体,V1,羊头,介,,,,,,,,
1642,美,合体,V1,羊头,大,,,,,,,,
1643,姜,合体,V1,羊头,女,,,,,,,,
1649,娄,合体,V1,米,女,,,,,,,,
1650,前,合体,V1,䒑,刖,,,,,,,,
1653,兹,合体,V1,䒑,双幺,,,,,,,,
1695,宣,合体,V1,宀,亘,,,,,,,,
1696,宦,合体,V1,宀,臣,,,,,,,,
1697,室,合体,V1,宀,至,,,,,,,,
1698,宫,合体,V1,宀,吕,,,,,,,,
1699,宪,合体,V1,宀,先,,,,,,,,
1700,突,合体,V1,穴,犬,,,,,,,,
1701,穿,合体,V1,穴,牙,,,,,,,,
1702,窃,合体,V1,穴,切,,,,,,,,
1703,客,合体,V1,宀,各,,,,,,,,
1705,冠,合体,V1,冖,㝴,,,,,,,,
1723,昼,合体,V1,尺,旦,,,,,,,,
1799,袁,合体,V1,土,袁下,,,,,,,,
1812,壶,合体,V1,士,壶下,,,,,,,,
1819,聂,合体,V1,耳,双,,,,,,,,
1821,莽,合体,V1,艹,犬廾,,,,,,,,
1822,莱,合体,V1,艹,来,,,,,,,,
1823,莲,合体,V1,艹,连,,,,,,,,
1824,莫,合体,V1,艹,旲,,,,,,,,
1825,莉,合体,V1,艹,利,,,,,,,,
1826,荷,合体,V1,艹,何,,,,,,,,
1827,获,合体,V1,艹,犾,,,,,,,,
1830,莹,合体,V1,劳头,玉,,,,,,,,
1831,莺,合体,V1,劳头,鸟,,,,,,,,
1832,真,合体,V1,十,具,,,,,,,,
1855,栗,合体,V1,覀,木,,,,,,,,
1856,贾,合体,V1,覀,贝,,,,,,,,
1869,套,合体,V1,大,镸,,,,,,,,
1893,晃,合体,V1,日,光,,,,,,,,
1897,晕,合体,V1,日,军,,,,,,,,
1909,恩,合体,V1,心,因,,,,,,,,
1918,罢,合体,V1,罒,去,,,,,,,,
1951,笔,合体,V1,竹,毛,,,,,,,,
1952,笑,合体,V1,竹,夭,,,,,,,,
1953,笋,合体,V1,竹,尹,,,,,,,,
1985,爹,合体,V1,父,多,,,,,,,,
1986,舀,合体,V1,爫,臼,,,,,,,,
1987,爱,合体,V1,爫,冖友,,,,,,,,
2021,高,合体,V1,亠,口冋,,,,,,,,
2029,斋,合体,V1,文,而,,,,,,,,
2035,离,合体,V1,㐫,禸,,,,,,,,
2043,竞,合体,V1,立,兄,,,,,,,,
2056,兼,合体,V1,䒑,兼下,,,,,,,,
2097,害,合体,V1,宀,丰口,,,,,,,,
2098,宽,合体,V1,宀,苋,,,,,,,,
2099,家,合体,V1,宀,豕,,,,,,,,
2100,宵,合体,V1,宀,肖,,,,,,,,
2101,宴,合体,V1,宀,妟,,,,,,,,
2102,宾,合体,V1,宀,兵,,,,,,,,
2103,窍,合体,V1,穴,巧,,,,,,,,
2104,窄,合体,V1,穴,乍,,,,,,,,
2105,容,合体,V1,宀,谷,,,,,,,,
2106,宰,合体,V1,宀,辛,,,,,,,,
2121,冥,合体,V1,冖,昗,,,,,,,,
2124,冤,合体,V1,冖,兔,,,,,,,,
2169,焉,合体,V1,正,与灬,,,,,,,,
2198,著,合体,V1,艹,者,,,,,,,,
2199,菱,合体,V1,艹,夌,,,,,,,,
2201,黄,合体,V1,龷,黄下,,,,,,,,
2202,菲,合体,V1,艹,非,,,,,,,,
2203,萌,合体,V1,艹,明,,,,,,,,
2204,萝,合体,V1,艹,罗,,,,,,,,
2205,菌,合体,V1,艹,囷,,,,,,,,
2206,萎,合体,V1,艹,委,,,,,,,,
2207,菜,合体,V1,艹,采,,,,,,,,
2208,萄,合体,V1,艹,匋,,,,,,,,
2209,菊,合体,V1,艹,匊,,,,,,,,
2210,菩,合体,V1,艹,咅,,,,,,,,
2211,萍,合体,V1,艹,泙,,,,,,,,
2212,菠,合体,V1,艹,波,,,,,,,,
2213,萤,合体,V1,劳头,虫,,,,,,,,
2214,营,合体,V1,劳头,吕,,,,,,,,
2216,萧,合体,V1,艹,肃,,,,,,,,
2217,萨,合体,V1,艹,阝产,,,,,,,,
2218,菇,合体,V1,艹,姑,,,,,,,,
2235,票,合体,V1,罒,示,,,,,,,,
2242,奢,合体,V1,大,者,,,,,,,,
2249,雪,合体,V1,雨,彐,,,,,,,,
2256,堂,合体,V1,龸,口土,,,,,,,,
2257,常,合体,V1,龸,吊,,,,,,,,
2260,晨,合体,V1,日,辰,,,,,,,,
2268,曼,合体,V1,日,罒又,,,,,,,,
2292,崖,合体,V1,山,厓,,,,,,,,
2294,崭,合体,V1,山,斩,,,,,,,,
2296,崔,合体,V1,山,隹,,,,,,,,
2298,崩,合体,V1,山,朋,,,,,,,,
2299,崇,合体,V1,山,宗,,,,,,,,
2317,笨,合体,V1,竹,本,,,,,,,,
2318,笼,合体,V1,竹,龙,,,,,,,,
2319,笛,合体,V1,竹,由,,,,,,,,
2320,笙,合体,V1,竹,生,,,,,,,,
2321,符,合体,V1,竹,付,,,,,,,,
2322,第,合体,V1,竹,弟下,,,,,,,,
2389,章,合体,V1,立,早,,,,,,,,
2390,竟,合体,V1,立,日儿,,,,,,,,
2451,寇,合体,V1,宀,寇下,,,,,,,,
2452,寅,合体,V1,宀,寅下,,,,,,,,
2453,寄,合体,V1,宀,奇,,,,,,,,
2454,寂,合体,V1,宀,叔,,,,,,,,
2455,宿,合体,V1,宀,佰,,,,,,,,
2456,窒,合体,V1,穴,至,,,,,,,,
2457,窑,合体,V1,穴,缶,,,,,,,,
2458,密,合体,V1,宀必,山,,,,,,,,
2500,巢,合体,V1,巛,果,,,,,,,,
2523,喜,合体,V1,口,壴,,,,,,,,
2529,煮,合体,V1,灬,者,,,,,,,,
2537,壹,合体,V1,士,冖豆,,,,,,,,
2545,葫,合体,V1,艹,胡,,,,,,,,
2548,葬,合体,V1,艹,死廾,,,,,,,,
2550,葛,合体,V1,艹,曷,,,,,,,,
2551,董,合体,V1,艹,重,,,,,,,,
2552,葡,合体,V1,艹,匍,,,,,,,,
2554,葱,合体,V1,艹,忽,,,,,,,,
2555,蒋,合体,V1,艹,将,,,,,,,,
2556,蒂,合体,V1,艹,帝,,,,,,,,
2557,落,合体,V1,艹,洛,,,,,,,,
2561,葵,合体,V1,艹,癸,,,,,,,,
2583,粟,合体,V1,罒,米,,,,,,,,
2598,雳,合体,V1,雨,历,,,,,,,,
2605,凿,合体,V1,业,凿下,,,,,,,,
2613,暑,合体,V1,日,者,,,,,,,,
2614,最,合体,V1,日,取,,,,,,,,
2626,景,合体,V1,日,京,,,,,,,,
2647,嵌,合体,V1,山,甘欠,,,,,,,,
2680,筐,合体,V1,竹,匡,,,,,,,,
2681,等,合体,V1,竹,寺,,,,,,,,
2682,筑,合体,V1,竹,巩,,,,,,,,
2683,策,合体,V1,竹,朿,,,,,,,,
2684,筛,合体,V1,竹,师,,,,,,,,
2685,筒,合体,V1,竹,同,,,,,,,,
2686,筏,合体,V1,竹,伐,,,,,,,,
2687,答,合体,V1,竹,合,,,,,,,,
2688,筋,合体,V1,竹,肋,,,,,,,,
2689,筝,合体,V1,竹,争,,,,,,,,
2711,禽,合体,V1,人,离,,,,,,,,
2735,童,合体,V1,立,里,,,,,,,,
2742,粪,合体,V1,米,共,,,,,,,,
2780,寒,合体,V1,宀,寒下,,,,,,,,
2781,富,合体,V1,宀,畐,,,,,,,,
2782,寓,合体,V1,宀,禺,,,,,,,,
2783,窜,合体,V1,穴,串,,,,,,,,
2784,窝,合体,V1,穴,呙,,,,,,,,
2785,窖,合体,V1,穴,告,,,,,,,,
2786,窗,合体,V1,穴,囱,,,,,,,,
2787,窘,合体,V1,穴,君,,,,,,,,
2847,蒜,合体,V1,艹,祘,,,,,,,,
2852,蓝,合体,V1,艹,监,,,,,,,,
2855,蓬,合体,V1,艹,逢,,,,,,,,
2856,蓄,合体,V1,艹,畜,,,,,,,,
2857,蒲,合体,V1,艹,浦,,,,,,,,
2858,蓉,合体,V1,艹,容,,,,,,,,
2859,蒙,合体,V1,艹,冡,,,,,,,,
2860,蒸,合体,V1,艹,烝,,,,,,,,
2884,雷,合体,V1,雨,田,,,,,,,,
2885,零,合体,V1,雨,令,,,,,,,,
2886,雾,合体,V1,雨,务,,,,,,,,
2887,雹,合体,V1,雨,包,,,,,,,,
2930,署,合体,V1,罒,者,,,,,,,,
2931,置,合体,V1,罒,直,,,,,,,,
2932,罪,合体,V1,罒,非,,,,,,,,
2933,罩,合体,V1,罒,卓,,,,,,,,
2934,蜀,合体,V1,罒,蜀下,,,,,,,,
2952,筹,合体,V1,竹,寿,,,,,,,,
2953,签,合体,V1,竹,佥,,,,,,,,
2954,简,合体,V1,竹,间,,,,,,,,
2955,筷,合体,V1,竹,快,,,,,,,,
2957,舅,合体,V1,臼,男,,,,,,,,
3025,塞,合体,V1,塞上,土,,,,,,,,
3026,寞,合体,V1,宀,莫,,,,,,,,
3027,窥,合体,V1,穴,规,,,,,,,,
3028,窟,合体,V1,穴,屈,,,,,,,,
3029,寝,合体,V1,宀,寝下,,,,,,,,
3056,嘉,合体,V1,吉,䒑加,,,,,,,,
3065,聚,合体,V1,取,聚下,,,,,,,,
3069,蔓,合体,V1,艹,曼,,,,,,,,
3070,蔑,合体,V1,艹,罒戍,,,,,,,,
3071,蔡,合体,V1,艹,祭,,,,,,,,
3072,蔗,合体,V1,艹,庶,,,,,,,,
3073,蔽,合体,V1,艹,敝,,,,,,,,
3074,蔼,合体,V1,艹,谒,,,,,,,,
3076,蔚,合体,V1,艹,尉,,,,,,,,
3095,需,合体,V1,雨,而,,,,,,,,
3120,箕,合体,V1,竹,其,,,,,,,,
3121,算,合体,V1,竹,目廾,,,,,,,,
3122,箩,合体,V1,竹,罗,,,,,,,,
3123,管,合体,V1,竹,官,,,,,,,,
3124,箫,合体,V1,竹,肃,,,,,,,,
3128,鼻,合体,V1,自,畀,,,,,,,,
3171,寨,合体,V1,塞上,寨下,,,,,,,,
3172,赛,合体,V1,塞上,贝,,,,,,,,
3173,寡,合体,V1,宀,募,,,,,,,,
3174,察,合体,V1,宀,祭,,,,,,,,
3175,蜜,合体,V1,宀必,虫,,,,,,,,
3176,寥,合体,V1,宀,翏,,,,,,,,
3184,翠,合体,V1,羽,卒,,,,,,,,
3209,蕉,合体,V1,艹,焦,,,,,,,,
3210,蕊,合体,V1,艹,惢,,,,,,,,
3211,蔬,合体,V1,艹,疏,,,,,,,,
3212,蕴,合体,V1,艹,缊,,,,,,,,
3229,震,合体,V1,雨,辰,,,,,,,,
3230,霄,合体,V1,雨,肖,,,,,,,,
3231,霉,合体,V1,雨,每,,,,,,,,
3234,暴,合体,V1,日,㳟,,,,,,,,
3265,箱,合体,V1,竹,相,,,,,,,,
3266,篓,合体,V1,竹,娄,,,,,,,,
3267,箭,合体,V1,竹,前,,,,,,,,
3268,篇,合体,V1,竹,扁,,,,,,,,
3320,蕾,合体,V1,艹,雷,,,,,,,,
3321,薯,合体,V1,艹,署,,,,,,,,
3322,薛,合体,V1,艹,薛下,,,,,,,,
3323,薇,合体,V1,艹,微,,,,,,,,
3325,薪,合体,V1,艹,新,,,,,,,,
3326,薄,合体,V1,艹,溥,,,,,,,,
3337,霍,合体,V1,雨,隹,,,,,,,,
3338,霎,合体,V1,雨,妾,,,,,,,,
3357,篮,合体,V1,竹,监,,,,,,,,
3358,篡,合体,V1,竹,篡下,,,,,,,,
3359,篷,合体,V1,竹,逢,,,,,,,,
3360,篱,合体,V1,竹,离,,,,,,,,
3383,窿,合体,V1,穴,隆,,,,,,,,
3390,藉,合体,V1,艹,耤,,,,,,,,
3392,藏,合体,V1,艹,臧,,,,,,,,
3393,藐,合体,V1,艹,貌,,,,,,,,
3399,霜,合体,V1,雨,相,,,,,,,,
3400,霞,合体,V1,雨,叚,,,,,,,,
3417,簧,合体,V1,竹,黄,,,,,,,,
3418,簇,合体,V1,竹,族,,,,,,,,
3421,爵,合体,V1,爫,爵下,,,,,,,,
3435,翼,合体,V1,羽,異,,,,,,,,
3437,藕,合体,V1,艹,耦,,,,,,,,
3439,藤,合体,V1,艹,滕,,,,,,,,
3440,覆,合体,V1,覀,復,,,,,,,,
3454,蘑,合体,V1,艹,磨,,,,,,,,
3455,藻,合体,V1,艹,澡,,,,,,,,
3462,簸,合体,V1,竹,其皮,,,,,,,,
3469,羹,合体,V1,羔,美,,,,,,,,
3473,鬓,合体,V1,髟,宾,,,,,,,,
3481,巍,合体,V1,山,魏,,,,,,,,
3482,籍,合体,V1,竹,耤,,,,,,,,
3488,蠢,合体,V1,春,双虫,,,,,,,,
80,元,合体,V1,二,儿,,,,,,,,
82,云,合体,V1,二,厶,,,,,,,,
146,分,合体,V1,八,刀,,,,,,,,
183,允,合体,V1,厶,儿,,,,,,,,
194,示,合体,V1,二,小,,,,,,,,
200,卉,合体,V1,十,廾,,,,,,,,
208,古,合体,V1,十,口,,,,,,,,
223,灭,合体,V1,一,火,,,,,,,,
226,卡,合体,V1,上,卜,,,,,,,,
250,兄,合体,V1,口,儿,,,,,,,,
286,尔,合体,V1,⺈,小,,,,,,,,
297,务,合体,V1,夂,力,,,,,,,,
334,召,合体,V1,刀,口,,,,,,,,
338,孕,合体,V1,乃,子,,,,,,,,
340,圣,合体,V1,又,土,,,,,,,,
342,台,合体,V1,厶,口,,,,,,,,
347,丝,合体,V1,半丝上,一,,,,,,,,
355,寺,合体,V1,土,寸,,,,,,,,
356,吉,合体,V1,士,口,,,,,,,,
371,共,合体,V1,龷,八,,,,,,,,
406,尧,合体,V1,戈点,兀,,,,,,,,
410,至,合体,V1,至上,土,,,,,,,,
412,贞,合体,V1,⺊,贝,,,,,,,,
416,劣,合体,V1,少,力,,,,,,,,
446,先,合体,V1,⺧,儿,,,,,,,,
449,舌,合体,V1,千,口,,,,,,,,
472,华,合体,V1,化,十,,,,,,,,
487,杀,合体,V1,㐅,朩,,,,,,,,
497,朵,合体,V1,几,木,,,,,,,,
498,杂,合体,V1,九,朩,,,,,,,,
501,旨,合体,V1,匕,日,,,,,,,,
503,负,合体,V1,⺈,贝,,,,,,,,
505,名,合体,V1,夕,口,,,,,,,,
506,各,合体,V1,夂,口,,,,,,,,
526,妄,合体,V1,亡,女,,,,,,,,
544,兴,合体,V1,兴上,八,,,,,,,,
563,寻,合体,V1,彐,寸,,,,,,,,
567,导,合体,V1,巳,寸,,,,,,,,
568,异,合体,V1,巳,廾,,,,,,,,
600,弄,合体,V1,王,廾,,,,,,,,
601,麦,合体,V1,丰头,夂,,,,,,,,
607,吞,合体,V1,天,口,,,,,,,,
695,吾,独体,V1,五,口,,,,,,,,
703,否,合体,V1,不,口,,,,,,,,
712,坚,合体,V1,坚上,土,,,,,,,,
720,县,合体,V1,且,厶,,,,,,,,
767,每,合体,V1,每头,母,,,,,,,,
768,兵,合体,V1,丘,八,,,,,,,,
796,希,合体,V1,㐅,布,,,,,,,,
798,谷,合体,V1,谷上,口,,,,,,,,
800,含,合体,V1,今,口,,,,,,,,
802,岔,合体,V1,分,山,,,,,,,,
819,灸,合体,V1,久,火,,,,,,,,
826,言,独体,,,,,,,,,,,
835,吝,合体,V1,文,口,,,,,,,,
844,忘,合体,V1,亡,心,,,,,,,,
900,灵,合体,V1,彐,火,,,,,,,,
910,忌,合体,V1,己,心,,,,,,,,
917,坠,合体,V1,队,土,,,,,,,,
924,努,合体,V1,奴,力,,,,,,,,
925,忍,合体,V1,刃,心,,,,,,,,
927,矣,合体,V1,厶,矢,,,,,,,,
947,青,合体,V1,丰头,月,,,,,,,,
948,责,合体,V1,丰头,贝,,,,,,,,
977,势,合体,V1,执,力,,,,,,,,
996,其,合体,V1,基上,八,,,,,,,,
1000,昔,合体,V1,龷,日,,,,,,,,
1031,杰,合体,V1,木,灬,,,,,,,,
1052,态,合体,V1,太,心,,,,,,,,
1055,垄,合体,V1,龙,土,,,,,,,,
1056,妻,合体,V1,妻上,女,,,,,,,,
1067,肯,合体,V1,止,月,,,,,,,,
1069,些,合体,V1,此,二,,,,,,,,
1073,肾,合体,V1,贤上,月,,,,,,,,
1074,贤,合体,V1,贤上,贝,,,,,,,,
1077,具,合体,V1,具上,八,,,,,,,,
1092,典,合体,V1,典上,八,,,,,,,,
1094,忠,合体,V1,中,心,,,,,,,,
1096,咒,合体,V1,双口,几,,,,,,,,
1137,岳,合体,V1,丘,山,,,,,,,,
1148,凭,合体,V1,任,几,,,,,,,,
1151,货,合体,V1,化,贝,,,,,,,,
1154,卑,合体,V1,卑上,十,,,,,,,,
1176,贪,合体,V1,今,贝,,,,,,,,
1177,念,合体,V1,今,心,,,,,,,,
1178,贫,合体,V1,分,贝,,,,,,,,
1179,忿,合体,V1,分,心,,,,,,,,
1193,昏,合体,V1,氏,日,,,,,,,,
1197,忽,合体,V1,勿,心,,,,,,,,
1204,变,合体,V1,亦,又,,,,,,,,
1222,盲,合体,V1,亡,目,,,,,,,,
1225,育,合体,V1,育上,月,,,,,,,,
1230,券,合体,V1,卷头,刀,,,,,,,,
1231,卷,合体,V1,卷头,㔾,,,,,,,,
1273,学,合体,V1,龸,子,,,,,,,,
1332,驾,合体,V1,加,马,,,,,,,,
1351,贯,合体,V1,毌,贝,,,,,,,,
1352,契,合体,V1,㓞,大,,,,,,,,
1354,奏,合体,V1,,天,,,,,,,,
1355,春,合体,V1,,日,,,,,,,,
1356,帮,合体,V1,邦,巾,,,,,,,,
1362,毒,合体,V1,丰头,母,,,,,,,,
1363,型,合体,V1,刑,土,,,,,,,,
1390,垫,合体,V1,执,土,,,,,,,,
1399,某,合体,V1,甘,木,,,,,,,,
1406,巷,合体,V1,共,巳,,,,,,,,
1441,要,合体,V1,女,覀,,,,,,,,
1445,歪,合体,V1,丕,止,,,,,,,,
1452,泵,合体,V1,石,水,,,,,,,,
1457,耍,合体,V1,而,女,,,,,,,,
1465,皆,合体,V1,比,白,,,,,,,,
1467,背,合体,V1,北,月,,,,,,,,
1469,点,合体,V1,占,灬,,,,,,,,
1472,览,合体,V1,览上,见,,,,,,,,
1473,竖,合体,V1,〢又,立,,,,,,,,
1474,省,合体,V1,少,目,,,,,,,,
1494,胃,合体,V1,田,月,,,,,,,,
1495,贵,合体,V1,中一,贝,,,,,,,,
1500,思,合体,V1,田,心,,,,,,,,
1502,虽,合体,V1,口,虫,,,,,,,,
1505,骂,合体,V1,双口,马,,,,,,,,
1543,怎,合体,V1,乍,心,,,,,,,,
1548,香,合体,V1,禾,日,,,,,,,,
1553,复,合体,V1,复上,夂,,,,,,,,
1558,贷,合体,V1,代,贝,,,,,,,,
1590,盆,合体,V1,分,皿,,,,,,,,
1607,贸,合体,V1,贸上,贝,,,,,,,,
1608,怨,合体,V1,夗,心,,,,,,,,
1609,急,合体,V1,刍,心,,,,,,,,
1615,峦,合体,V1,亦,山,,,,,,,,
1618,奖,合体,V1,奖上,大,,,,,,,,
1629,咨,合体,V1,次,口,,,,,,,,
1630,姿,合体,V1,次,女,,,,,,,,
1632,音,合体,V1,立,日,,,,,,,,
1633,帝,合体,V1,帝上,巾,,,,,,,,
1646,类,合体,V1,米,大,,,,,,,,
1654,总,合体,V1,总上,心,,,,,,,,
1666,柒,合体,V1,㲺,木,,,,,,,,
1675,染,合体,V1,氿,木,,,,,,,,
1694,觉,合体,V1,见,龸,,,,,,,,
1719,垦,合体,V1,艮,土,,,,,,,,
1726,费,合体,V1,弗,贝,,,,,,,,
1742,怒,合体,V1,奴,心,,,,,,,,
1743,架,合体,V1,加,木,,,,,,,,
1744,贺,合体,V1,加,贝,,,,,,,,
1745,盈,合体,V1,夃,皿,,,,,,,,
1746,勇,合体,V1,甬,力,,,,,,,,
1747,怠,合体,V1,台,心,,,,,,,,
1748,癸,合体,V1,癶,天,,,,,,,,
1749,蚤,合体,V1,叉,虫,,,,,,,,
1750,柔,合体,V1,矛,木,,,,,,,,
1751,垒,合体,V1,厽,木,,,,,,,,
1771,泰,合体,V1, ,氺,,,,,,,,
1772,秦,合体,V1, ,禾,,,,,,,,
1775,素,合体,V1,丰头,糸,,,,,,,,
1777,蚕,合体,V1,天,虫,,,,,,,,
1779,盏,合体,V1,戋,皿,,,,,,,,
1790,盐,合体,V1,土卜,皿,,,,,,,,
1802,哲,合体,V1,折,口,,,,,,,,
1808,挚,合体,V1,执,手,,,,,,,,
1809,热,合体,V1,执,灬,,,,,,,,
1810,恐,合体,V1,巩,心,,,,,,,,
1820,恭,合体,V1,变小,共,,,,,,,,
1828,晋,合体,V1,亚,日,,,,,,,,
1829,恶,合体,V1,亚,心,,,,,,,,
1851,索,合体,V1,十冖,糸,,,,,,,,
1860,辱,合体,V1,辰,寸,,,,,,,,
1862,夏,合体,V1,一自,夂,,,,,,,,
1871,烈,合体,V1,列,灬,,,,,,,,
1878,毙,合体,V1,死,比,,,,,,,,
1880,柴,合体,V1,此,木,,,,,,,,
1881,桌,合体,V1,⺊日,木,,,,,,,,
1883,监,合体,V1,览上,皿,,,,,,,,
1884,紧,合体,V1,坚上,糸,,,,,,,,
1885,党,合体,V1,兄,龸,,,,,,,,
1907,哭,合体,V1,双口,犬,,,,,,,,
1910,鸯,合体,V1,央,鸟,,,,,,,,
1965,赁,合体,V1,任,贝,,,,,,,,
1970,臭,合体,V1,自,犬,,,,,,,,
1973,息,合体,V1,自,心,,,,,,,,
1984,耸,合体,V1,从,耳,,,,,,,,
1992,翁,合体,V1,公,羽,,,,,,,,
2009,留,合体,V1,留上,田,,,,,,,,
2010,鸳,合体,V1,夗,鸟,,,,,,,,
2016,恋,合体,V1,亦,心,,,,,,,,
2017,桨,合体,V1,酱上,木,,,,,,,,
2018,浆,合体,V1,酱上,水,,,,,,,,
2033,脊,合体,V1,脊上,月,,,,,,,,
2036,紊,合体,V1,文,糸,,,,,,,,
2038,瓷,合体,V1,次,瓦,,,,,,,,
2039,资,合体,V1,次,贝,,,,,,,,
2045,旁,合体,V1,旁上,方,,,,,,,,
2047,畜,合体,V1,玄,田,,,,,,,,
2050,羔,合体,V1,羊头,灬,,,,,,,,
2052,拳,合体,V1,卷头,手,,,,,,,,
2055,益,合体,V1,益上,皿,,,,,,,,
2087,烫,合体,V1,汤,火,,,,,,,,
2107,案,合体,V1,安,木,,,,,,,,
2130,恳,合体,V1,艮,心,,,,,,,,
2136,祟,合体,V1,出,示,,,,,,,,
2142,恕,合体,V1,如,心,,,,,,,,
2149,桑,合体,V1,叒,木,,,,,,,,
2193,基,合体,V1,其,土,,,,,,,,
2197,娶,合体,V1,取,女,,,,,,,,
2221,梦,合体,V1,林,夕,,,,,,,,
2222,婪,合体,V1,林,女,,,,,,,,
2233,曹,合体,V1,曹上,日,,,,,,,,
2243,盔,合体,V1,灰,皿,,,,,,,,
2245,聋,合体,V1,龙,耳,,,,,,,,
2246,袭,合体,V1,龙,衣,,,,,,,,
2247,盛,合体,V1,成,皿,,,,,,,,
2255,雀,合体,V1,少,隹,,,,,,,,
2264,悬,合体,V1,县,心,,,,,,,,
2282,累,合体,V1,田,糸,,,,,,,,
2285,患,合体,V1,串,心,,,,,,,,
2301,婴,合体,V1,双贝,女,,,,,,,,
2313,梨,合体,V1,利,木,,,,,,,,
2314,犁,合体,V1,利,牛,,,,,,,,
2325,袋,合体,V1,代,衣,,,,,,,,
2326,悠,合体,V1,攸,心,,,,,,,,
2331,您,合体,V1,你,心,,,,,,,,
2332,售,合体,V1,隹,口,,,,,,,,
2336,兜,合体,V1,兜上,儿,,,,,,,,
2343,盘,合体,V1,舟,皿,,,,,,,,
2348,盒,合体,V1,合,皿,,,,,,,,
2351,悉,合体,V1,釆,心,,,,,,,,
2371,祭,合体,V1,祭上,示,,,,,,,,
2376,毫,合体,V1,高头,毛,,,,,,,,
2377,烹,合体,V1,亨,灬,,,,,,,,
2388,盗,合体,V1,次,皿,,,,,,,,
2394,望,合体,V1,亡月,王,,,,,,,,
2400,盖,合体,V1,羊头,皿,,,,,,,,
2401,眷,合体,V1,卷头,目,,,,,,,,
2406,剪,合体,V1,前,刀,,,,,,,,
2407,兽,合体,V1,兽上,口,,,,,,,,
2416,渠,合体,V1,洰,木,,,,,,,,
2435,婆,合体,V1,波,女,,,,,,,,
2436,梁,合体,V1,梁上,木,,,,,,,,
2475,堕,合体,V1,陏,土,,,,,,,,
2477,蛋,合体,V1,疋,虫,,,,,,,,
2501,琴,合体,V1,双王,金,,,,,,,,
2506,替,合体,V1,㚘,日,,,,,,,,
2547,惹,合体,V1,若,心,,,,,,,,
2549,募,合体,V1,莫,力,,,,,,,,
2560,辜,合体,V1,古,辛,,,,,,,,
2568,焚,合体,V1,林,火,,,,,,,,
2580,惠,合体,V1,惠上,心,,,,,,,,
2581,惑,合体,V1,或,心,,,,,,,,
2595,裂,合体,V1,列,衣,,,,,,,,
2599,暂,合体,V1,斩,白,,,,,,,,
2602,辈,合体,V1,非,车,,,,,,,,
2603,悲,合体,V1,非,心,,,,,,,,
2604,紫,合体,V1,此,糸,,,,,,,,
2608,棠,合体,V1,党上,木,,,,,,,,
2609,赏,合体,V1,党上,贝,,,,,,,,
2610,掌,合体,V1,党上,手,,,,,,,,
2616,量,合体,V1,旦,里,,,,,,,,
2655,黑,合体,V1,黑上,灬,,,,,,,,
2670,智,合体,V1,知,日,,,,,,,,
2693,堡,合体,V1,保,土,,,,,,,,
2694,集,合体,V1,隹,土,,,,,,,,
2695,焦,合体,V1,隹,灬,,,,,,,,
2700,粤,合体,V1,奥上,丂,,,,,,,,
2701,奥,合体,V1,奥上,大,,,,,,,,
2703,惩,合体,V1,征,心,,,,,,,,
2709,番,合体,V1,采,田,,,,,,,,
2717,鲁,合体,V1,鱼,日,,,,,,,,
2722,惫,合体,V1,备,心,,,,,,,,
2723,然,合体,V1,然上,灬,,,,,,,,
2726,装,合体,V1,壮,衣,,,,,,,,
2727,蛮,合体,V1,亦,虫,,,,,,,,
2738,善,合体,V1,善上,口,,,,,,,,
2740,羡,合体,V1,羊头,次,,,,,,,,
2741,普,合体,V1,並,日,,,,,,,,
2743,尊,合体,V1,酉,寸,,,,,,,,
2744,奠,合体,V1,酉,大,,,,,,,,
2747,曾,合体,V1,曾上,日,,,,,,,,
2809,絮,合体,V1,如,糸,,,,,,,,
2813,登,合体,V1,癶,豆,,,,,,,,
2825,瑟,合体,V1,双王,必,,,,,,,,
2826,鹉,合体,V1,武,鸟,,,,,,,,
2853,墓,合体,V1,莫,土,,,,,,,,
2854,幕,合体,V1,莫,巾,,,,,,,,
2863,禁,合体,V1,林,示,,,,,,,,
2864,楚,合体,V1,林,疋,,,,,,,,
2867,想,合体,V1,相,心,,,,,,,,
2875,感,合体,V1,咸,心,,,,,,,,
2891,督,合体,V1,叔,目,,,,,,,,
2894,鉴,合体,V1,〢半竹,金,,,,,,,,
2905,愚,合体,V1,禺,心,,,,,,,,
2907,盟,合体,V1,明,皿,,,,,,,,
2911,照,合体,V1,昭,灬,,,,,,,,
2951,愁,合体,V1,秋,心,,,,,,,,
2966,愈,合体,V1,俞,心,,,,,,,,
2982,煞,合体,V1,煞上,灬,,,,,,,,
2986,酱,合体,V1,酱上,酉,,,,,,,,
2987,禀,合体,V1,亠回,示,,,,,,,,
2996,意,合体,V1,音,心,,,,,,,,
2997,誊,合体,V1,卷头,言,,,,,,,,
3000,煎,合体,V1,前,灬,,,,,,,,
3001,塑,合体,V1,朔,土,,,,,,,,
3002,慈,合体,V1,兹,心,,,,,,,,
3021,粱,合体,V1,梁上,米,,,,,,,,
3024,誉,合体,V1,兴,言,,,,,,,,
3050,碧,合体,V1,珀,石,,,,,,,,
3052,赘,合体,V1,敖,贝,,,,,,,,
3053,熬,合体,V1,敖,灬,,,,,,,,
3060,誓,合体,V1,折,言,,,,,,,,
3066,慕,合体,V1,莫,小点,,,,,,,,
3067,暮,合体,V1,莫,日,,,,,,,,
3068,摹,合体,V1,莫,手,,,,,,,,
3075,熙,合体,V1,巸,灬,,,,,,,,
3099,裳,合体,V1,龸口,衣,,,,,,,,
3102,墅,合体,V1,野,土,,,,,,,,
3119,熏,合体,V1,熏上,灬,,,,,,,,
3141,豪,合体,V1,高头,豕,,,,,,,,
3142,膏,合体,V1,高,月,,,,,,,,
3156,弊,合体,V1,敝,廾,,,,,,,,
3178,肇,合体,V1,户攵,聿,,,,,,,,
3185,熊,合体,V1,能,灬,,,,,,,,
3186,凳,合体,V1,登,几,,,,,,,,
3189,慧,合体,V1,彗,心,,,,,,,,
3255,墨,合体,V1,黑,土,,,,,,,,
3259,靠,合体,V1,告,非,,,,,,,,
3262,黎,合体,V1,黎上,氺,,,,,,,,
3278,熟,合体,V1,孰,灬,,,,,,,,
3289,憋,合体,V1,敝,心,,,,,,,,
3294,鲨,合体,V1,沙,鱼,,,,,,,,
3309,憨,合体,V1,敢,心,,,,,,,,
3310,慰,合体,V1,尉,心,,,,,,,,
3311,劈,合体,V1,辟,刀,,,,,,,,
3319,燕,合体,V1,燕上,灬,,,,,,,,
3324,擎,合体,V1,敬,手,,,,,,,,
3333,整,合体,V1,敕,正,,,,,,,,
3341,餐,合体,V1,歺又,食,,,,,,,,
3355,赞,合体,V1,双先,贝,,,,,,,,
3384,壁,合体,V1,辟,土,,,,,,,,
3419,繁,合体,V1,敏,糸,,,,,,,,
3433,臀,合体,V1,殿,月,,,,,,,,
3434,臂,合体,V1,辟,月,,,,,,,,
3450,璧,合体,V1,辟,玉,,,,,,,,
3452,孽,合体,V1,薛,子,,,,,,,,
3453,警,合体,V1,敬,言,,,,,,,,
3456,攀,合体,V1,樊,手,,,,,,,,
3464,蟹,合体,V1,解,虫,,,,,,,,
3470,鳖,合体,V1,敝,鱼,,,,,,,,
3475,馨,合体,V1,殸,香,,,,,,,,
3487,譬,合体,V1,辟,言,,,,,,,,
330,出,合体,V2,山,,,,,,,,,
426,吕,合体,V2,口,,,,,,,,,
507,多,合体,V2,夕,,,,,,,,,
736,串,合体,V2,中,,,,,,,,,
1084,昌,合体,V2,日,,,,,,,,,
1237,炎,合体,V2,火,,,,,,,,,
1616,弯,合体,V1,山,亦,,,,,,,,
1852,哥,合体,V2,可,,,,,,,,,
1,一,独体,,,,,,,,,,,
2,乙,独体,,,,,,,,,,,
5,丁,独体,,,,,,,,,,,
6,厂,独体,,,,,,,,,,,
7,七,独体,,,,,,,,,,,
8,卜,独体,,,,,,,,,,,
9,八,独体,,,,,,,,,,,
12,儿,独体,,,,,,,,,,,
13,匕,独体,,,,,,,,,,,
14,几,独体,,,,,,,,,,,
15,九,独体,,,,,,,,,,,
16,刁,独体,,,,,,,,,,,
17,了,独体,,,,,,,,,,,
20,乃,独体,,,,,,,,,,,
21,又,独体,,,,,,,,,,,
29,才,独体,,,,,,,,,,,
30,下,独体,,,,,,,,,,,
34,与,独体,,,,,,,,,,,
35,万,独体,,,,,,,,,,,
36,上,独体,,,,,,,,,,,
37,小,独体,,,,,,,,,,,
38,口,独体,,,,,,,,,,,
39,山,独体,,,,,,,,,,,
40,巾,独体,,,,,,,,,,,
43,川,独体,,,,,,,,,,,
46,夕,独体,,,,,,,,,,,
47,久,独体,,,,,,,,,,,
48,么,独体,,,,,,,,,,,
52,及,独体,,,,,,,,,,,
54,亡,独体,,,,,,,,,,,
55,门,独体,,,,,,,,,,,
56,丫,独体,,,,,,,,,,,
57,义,独体,,,,,,,,,,,
58,之,独体,,,,,,,,,,,
63,弓,独体,,,,,,,,,,,
64,子,独体,,,,,,,,,,,
65,卫,独体,,,,,,,,,,,
66,也,独体,,,,,,,,,,,
67,女,独体,,,,,,,,,,,
69,飞,独体,,,,,,,,,,,
70,习,独体,,,,,,,,,,,
72,马,独体,,,,,,,,,,,
73,乡,独体,,,,,,,,,,,
74,丰,独体,,,,,,,,,,,
77,井,独体,,,,,,,,,,,
81,无,独体,,,,,,,,,,,
83,专,独体,,,,,,,,,,,
84,丐,独体,,,,,,,,,,,
88,五,独体,,,,,,,,,,,
91,不,独体,,,,,,,,,,,
98,尤,独体,,,,,,,,,,,
100,车,独体,,,,,,,,,,,
101,巨,独体,,,,,,,,,,,
102,牙,独体,,,,,,,,,,,
103,屯,独体,,,,,,,,,,,
104,戈,独体,,,,,,,,,,,
106,互,独体,,,,,,,,,,,
108,瓦,独体,,,,,,,,,,,
109,止,独体,,,,,,,,,,,
110,少,独体,,,,,,,,,,,
111,曰,独体,,,,,,,,,,,
112,日,独体,,,,,,,,,,,
113,中,独体,,,,,,,,,,,
114,贝,独体,,,,,,,,,,,
116,内,独体,,,,,,,,,,,
117,水,独体,,,,,,,,,,,
118,见,独体,,,,,,,,,,,
119,午,独体,,,,,,,,,,,
120,牛,独体,,,,,,,,,,,
121,手,独体,,,,,,,,,,,
122,气,独体,,,,,,,,,,,
123,毛,独体,,,,,,,,,,,
124,壬,独体,,,,,,,,,,,
125,升,独体,,,,,,,,,,,
127,长,独体,,,,,,,,,,,
130,片,独体,,,,,,,,,,,
137,斤,独体,,,,,,,,,,,
138,爪,独体,,,,,,,,,,,
141,父,独体,,,,,,,,,,,
151,氏,独体,,,,,,,,,,,
155,丹,独体,,,,,,,,,,,
164,火,独体,,,,,,,,,,,
165,为,独体,,,,,,,,,,,
166,斗,独体,,,,,,,,,,,
175,尺,独体,,,,,,,,,,,
177,丑,独体,,,,,,,,,,,
178,巴,独体,,,,,,,,,,,
182,以,独体,,,,,,,,,,,
188,书,独体,,,,,,,,,,,
195,击,独体,,,,,,,,,,,
205,甘,独体,,,,,,,,,,,
206,世,独体,,,,,,,,,,,
213,丙,独体,,,,,,,,,,,
221,龙,独体,,,,,,,,,,,
225,东,独体,,,,,,,,,,,
229,凸,独体,,,,,,,,,,,
231,业,独体,,,,,,,,,,,
249,央,独体,,,,,,,,,,,
259,皿,独体,,,,,,,,,,,
263,生,独体,,,,,,,,,,,
266,乍,独体,,,,,,,,,,,
280,乎,独体,,,,,,,,,,,
287,乐,独体,,,,,,,,,,,
296,鸟,独体,,,,,,,,,,,
302,立,独体,,,,,,,,,,,
307,半,独体,,,,,,,,,,,
310,头,独体,,,,,,,,,,,
327,民,独体,,,,,,,,,,,
328,弗,独体,,,,,,,,,,,
336,皮,独体,,,,,,,,,,,
345,母,独体,,,,,,,,,,,
373,亚,独体,,,,,,,,,,,
380,臣,独体,,,,,,,,,,,
384,西,独体,,,,,,,,,,,
392,而,独体,,,,,,,,,,,
393,页,独体,,,,,,,,,,,
402,夹,独体,,,,,,,,,,,
403,夷,独体,,,,,,,,,,,
423,虫,独体,,,,,,,,,,,
424,曲,独体,,,,,,,,,,,
444,年,独体,,,,,,,,,,,
477,自,独体,,,,,,,,,,,
484,舟,独体,,,,,,,,,,,
489,兆,独体,,,,,,,,,,,
516,亦,独体,,,,,,,,,,,
520,衣,独体,,,,,,,,,,,
522,产,独体,,,,,,,,,,,
524,亥,独体,,,,,,,,,,,
558,农,独体,,,,,,,,,,,
690,求,独体,,,,,,,,,,,
691,甫,独体,,,,,,,,,,,
693,更,独体,,,,,,,,,,,
694,束,独体,,,,,,,,,,,
696,豆,独体,,,,,,,,,,,
697,两,独体,,,,,,,,,,,
707,来,独体,,,,,,,,,,,
721,里,独体,,,,,,,,,,,
761,我,独体,,,,,,,,,,,
786,身,独体,,,,,,,,,,,
790,囱,独体,,,,,,,,,,,
1038,事,独体,,,,,,,,,,,
1041,雨,独体,,,,,,,,,,,
1064,非,独体,,,,,,,,,,,
1079,果,独体,,,,,,,,,,,
1125,垂,独体,,,,,,,,,,,
1134,秉,独体,,,,,,,,,,,
1303,肃,独体,,,,,,,,,,,
1305,隶,独体,,,,,,,,,,,
1315,承,独体,,,,,,,,,,,
1400,甚,独体,,,,,,,,,,,
1403,革,独体,,,,,,,,,,,
1442,柬,独体,,,,,,,,,,,
1455,面,独体,,,,,,,,,,,
1552,重,独体,,,,,,,,,,,
1573,鬼,独体,,,,,,,,,,,
1575,禹,独体,,,,,,,,,,,
1651,首,独体,,,,,,,,,,,
2361,象,独体,,,,,,,,,,,
2391,商,独体,,,,,,,,,,,
2395,率,独体,,,,,,,,,,,
2958,鼠,独体,,,,,,,,,,,
